"AnimalID","AnimalCode","DOB","FirstDate","DOB_estimate","Age_yr","Age_class"
"Aaalva","Aaa",2019-11-01,2020-10-08,"2019-11-01",3.44,"juvenile"
"Aalwyn","Aal",2018-11-27,2018-11-27,"2018-11-27",4.37,"sub-adult"
"Aantreklik","Aan",2017-10-17,2017-10-17,"2017-10-17",5.49,"adult"
"Aapie","Aapi",2013-11-11,2013-11-11,"2013-11-11",9.43,"adult"
"Aarhus","Aar",2017-10-09,2017-10-09,"2017-10-09",5.51,"adult"
"Aaragon","Aara",2016-11-16,2016-11-16,"2016-11-16",6.4,"adult"
"Aare","Aare",NA,2013-02-08,"2013-02-08",NA,"adult"
"Aathabasca","Aat",2018-10-26,2018-10-26,"2018-10-26",4.46,"sub-adult"
"Adam","Ada",NA,2014-08-14,"2010-08-14",NA,"adult"
"Adder","Add",2015-11-23,2015-11-23,"2015-11-23",7.39,"adult"
"Adonis","Ado",NA,2010-11-09,"2006-11-09",NA,"adult"
"Afrikaans","Afr",2010-10-19,2010-10-19,"2010-10-19",12.5,"adult"
"Ahekinkinga","Ahe",NA,2010-12-18,"2006-12-18",NA,"adult"
"Akkedis","Akk",2011-11-07,2011-11-07,"2011-11-07",11.45,"adult"
"Alabama","Alab",2022-10-31,2022-10-31,"2022-10-31",0.43,"baby"
"Alcatraz","Alc",NA,2016-01-14,"2014-11-01",NA,"adult"
"Alsiende","Alsi",2012-10-23,2012-10-23,"2012-10-23",10.48,"adult"
"Amazon","Amaz",NA,2012-03-13,"2012-03-13",NA,"adult"
"Amgoun","Amg",2017-10-09,2017-10-09,"2017-10-09",5.51,"adult"
"Amstel","Amst",2021-10-12,2021-10-12,"2021-10-12",1.49,"juvenile"
"Amur","Amur",NA,2012-05-09,"2011-11-01",NA,"adult"
"Amywinehouse","Amyw",NA,NA,NA,NA,NA
"Andrew","And",NA,2013-02-09,"2010-04-12",NA,"adult"
"Angara","Ang",2022-10-26,2022-10-26,"2022-10-26",0.45,"baby"
"Antarctica","Anta",NA,2014-12-31,"2014-12-31",NA,"adult"
"Apa","Apa",NA,2021-06-04,"2017-06-04",NA,"adult"
"Apollo","Apo",NA,2022-11-17,NA,NA,NA
"Appel","App",2020-11-04,2020-11-04,"2020-11-04",2.43,"juvenile"
"Ardig","Ard",2018-11-15,2018-11-15,"2018-11-15",4.4,"sub-adult"
"Arno","Arn",2014-10-17,2014-10-17,"2014-10-17",8.49,"adult"
"Arthur","Art",NA,2011-11-03,"2007-11-03",NA,"adult"
"Asis","Asis",NA,2011-02-19,"2011-02-19",NA,"adult"
"Askies","Ask",2021-10-27,2021-10-27,"2021-10-27",1.45,"juvenile"
"Asseblief","Ass",2014-11-05,2014-11-05,"2014-11-05",8.44,"adult"
"Athena","Athe",NA,2022-06-28,NA,NA,NA
"Atitlan","Ati",NA,2015-04-28,"2011-04-28",NA,"adult"
"Atjar","Atj",2022-11-18,2022-11-18,"2022-11-18",0.38,"baby"
"Auckland","Auc",NA,2012-02-27,"2008-02-27",NA,"adult"
"Avon","Avo",2013-11-11,2013-11-11,"2013-11-11",9.43,"adult"
"Awash","Awa",2020-11-03,2020-11-03,"2020-11-03",2.43,"juvenile"
"Babyaare2015","BAar15",2015-11-12,NA,"2015-11-12",7.42,"adult"
"Babyamur2015","BAmu15",2015-10-25,NA,"2015-10-25",7.47,"adult"
"Babyamur2016","BAmu16",2016-11-03,NA,"2016-11-03",6.44,"adult"
"Bbbali22","BBBali22",NA,NA,NA,NA,NA
"Bbcirc21","BBCirc21",NA,NA,NA,NA,NA
"Bbdaen22","BBDaen22",2022-11-24,NA,"2022-11-24",0.37,"baby"
"Babydewe2021","BBDew21",2021-11-16,NA,"2021-11-16",1.39,"juvenile"
"Bbdewe22","BBDewe22",2022-11-18,NA,"2022-11-18",0.38,"baby"
"Bbdian22","BBDian22",2022-11-10,NA,"2022-11-10",0.41,"baby"
"Bbdigb22","BBDigb22",2022-11-04,NA,"2022-11-04",0.42,"baby"
"Babydodgyknee2021","BBDod21",NA,NA,NA,NA,NA
"Babyzuni2021","BBFZuni21",NA,NA,NA,NA,NA
"Bbgala22","BBGala22",NA,NA,NA,NA,NA
"Babygoose2021","BBGoo21",NA,NA,NA,NA,NA
"Bbgoos22","BBGoos22",NA,NA,NA,NA,NA
"Bbgran22","BBGran22",2022-11-21,NA,"2022-11-21",0.38,"baby"
"Bbhera22","BBHera22",NA,NA,NA,NA,NA
"Bbinhl21","BBInhl21",NA,NA,NA,NA,NA
"Bbinhl22","BBInhl22",NA,NA,NA,NA,NA
"Babykodi2021","BBKodi21",NA,NA,NA,NA,NA
"Bbmack22","BBMack22",NA,NA,NA,NA,NA
"Bbmara22","BBMara22",2022-11-05,NA,"2022-11-05",0.42,"baby"
"Bbmedu22","BBMedu22",NA,NA,NA,NA,NA
"Bbndaw22","BBNdaw22",2022-12-03,NA,"2022-12-03",0.34,"baby"
"Bbniha22","BBNiha22",NA,NA,NA,NA,NA
"Bboort22","BBOort22",2022-11-15,NA,"2022-11-15",0.39,"baby"
"Bbpret22","BBPret22",2022-11-26,NA,"2022-11-26",0.36,"baby"
"Bbxian22","BBXian22",2022-10-21,NA,"2022-10-21",0.46,"baby"
"Babybelabela2019","BBel19",2019-10-14,NA,"2019-10-14",3.49,"juvenile"
"Babybeminde2013","BBem13",2013-10-22,NA,"2013-10-22",9.48,"adult"
"Babybog2012","BBog12",2012-10-18,NA,"2012-10-18",10.5,"adult"
"Babybushy2014","BBus14",2014-11-03,NA,"2014-11-03",8.45,"adult"
"Babycam2011","BCam11",NA,NA,NA,NA,NA
"Babycam2012","BCam12",2012-09-29,NA,"2012-09-29",10.55,"adult"
"Babydag2012","BDag12",2012-09-25,NA,"2012-09-25",10.56,"adult"
"Babydaisy2019","BDai19",NA,NA,NA,NA,NA
"Babydelilah2019","BDel19",2019-11-04,NA,"2019-11-04",3.43,"juvenile"
"Babydiana2015","BDia15",2015-11-17,NA,"2015-11-17",7.41,"adult"
"Babydiana2019","BDia19",2019-10-29,NA,"2019-10-29",3.45,"juvenile"
"Babydian2021","BDia21",2021-09-29,NA,"2021-09-29",1.52,"juvenile"
"Babydigby2017","BDig17",2017-10-05,NA,"2017-10-05",5.52,"adult"
"Babydigby2019","BDig19",2019-10-22,NA,"2019-10-22",3.47,"juvenile"
"Babydigby2020","BDig20",2020-11-17,NA,"2020-11-17",2.39,"juvenile"
"Babyeina2018","BEin18",2018-11-13,NA,"2018-11-13",4.41,"sub-adult"
"Babyemm2012","BEmm12",2012-10-08,NA,"2012-10-08",10.52,"adult"
"Babytere2014","BF1014",2014-10-22,NA,"2014-10-22",8.48,"adult"
"Babygaga2013","BGag13",2013-10-24,NA,"2013-10-24",9.48,"adult"
"Babygaga2015","BGag15",2015-11-26,NA,"2015-11-26",7.38,"adult"
"Babygaya2018","BGay18",2018-12-24,NA,"2018-12-24",4.3,"sub-adult"
"Babygaya2019","BGay19",2019-10-14,NA,"2019-10-14",3.49,"juvenile"
"Babygeneva2018","BGen18",2018-11-05,NA,"2018-11-05",4.43,NA
"Babygese2017","BGes17",2017-10-09,NA,"2017-10-09",5.51,"adult"
"Babyghan2015","BGha15",2015-11-06,NA,"2015-11-06",7.44,"adult"
"Babyguat2020","BGua20",2020-12-02,NA,"2020-12-02",2.35,"juvenile"
"Babyguat2021","BGua21",2021-11-02,NA,"2021-11-02",1.43,"juvenile"
"Babygugu2015","BGug15",2015-11-16,NA,"2015-11-16",7.41,"adult"
"Babygugu2017","BGug17",2017-10-31,NA,"2017-10-31",5.45,"adult"
"Babygugu2019","BGug19",2019-11-09,NA,"2019-11-09",3.42,"juvenile"
"Babyhak2011","BHak11",2011-11-22,NA,"2011-11-22",11.4,"adult"
"Babyham2013","BHam13",2013-10-03,NA,"2013-10-03",9.53,"adult"
"Babyheer2019","BHee19",2019-10-28,NA,"2019-10-28",3.45,"juvenile"
"Babyidwa2015","BIdw15",2015-11-18,NA,"2015-11-18",7.4,"adult"
"Babyisil2015","BIsi15",2015-11-05,NA,"2015-11-05",7.44,"adult"
"Babyjenn2014","BJen14",2014-10-20,NA,"2014-10-20",8.49,"adult"
"Babyjink2014","BJin14",2014-11-03,NA,"2014-11-03",8.45,"adult"
"Babykai2012","BKai12",NA,NA,NA,NA,NA
"Babykaya2017","BKay17",2017-11-04,NA,"2017-11-04",5.44,"adult"
"Babylittleblind2017","BLBl17",2017-10-03,NA,"2017-10-03",5.52,"adult"
"Babylau2012","BLau12",2012-10-29,NA,"2012-10-29",10.47,"adult"
"Babylima2018","BLim18",2018-11-29,NA,"2018-11-29",4.37,"adult"
"Babylima2019","BLim19",2019-10-22,NA,"2019-10-22",3.47,"juvenile"
"Babylionel2017","BLio17",NA,NA,NA,NA,NA
"Babymackenzie2017","BMac17",NA,NA,NA,NA,NA
"Babymamo2015","BMam15",2015-11-11,NA,"2015-11-11",7.42,"adult"
"Babymara2019","BMar19",2019-10-21,NA,"2019-10-21",3.47,"juvenile"
"Babymielies2014","BMie14",2014-10-27,NA,"2014-10-27",8.47,"adult"
"Babymielies2017","BMie17",2017-12-27,NA,"2017-12-27",5.29,"adult"
"Babymielies2019","BMie19",2019-10-31,NA,"2019-10-31",3.44,"juvenile"
"Babymoo2011","BMoo11",2012-01-23,NA,"2012-01-23",11.23,"adult"
"Babynala2014","BNal14",2014-10-18,NA,"2014-10-18",8.49,"adult"
"Babyndaw2021","BNda21",2021-11-18,NA,"2021-11-18",1.39,"juvenile"
"Babyness2015","BNes15",2015-11-09,NA,"2015-11-09",7.43,"adult"
"Babynessie2019","BNes19",2019-10-24,NA,"2019-10-24",3.46,"juvenile"
"Babyniese2014","BNie14",2014-11-11,NA,"2014-11-11",8.43,"adult"
"Babynkos2015","BNko15",2015-11-12,NA,"2015-11-12",7.42,"adult"
"Babynumbies2017","BNum17",2017-09-25,NA,"2017-09-25",5.55,"adult"
"Babynumbies2019","BNum19",2019-10-03,NA,"2019-10-03",3.52,"juvenile"
"Babynurks2018","BNur18",2018-11-14,NA,"2018-11-14",4.41,"adult"
"Babynyanga2018","BNya18",2018-12-24,NA,"2018-12-24",4.3,NA
"Babynyanga2020","BNya20",2020-11-21,NA,"2020-11-21",2.38,"juvenile"
"Babyoahu2015","BOah15",NA,NA,NA,NA,NA
"Babyoahu2017","BOah17",2017-10-10,NA,"2017-10-10",5.5,"adult"
"Babyoerw2021","BOer21",2021-12-06,NA,"2021-12-06",1.34,"juvenile"
"Babyouli2021","BOul21",2021-10-09,NA,"2021-10-09",1.5,"juvenile"
"Babypannekoekie2014","BPan14",2014-11-03,NA,"2014-11-03",8.45,"adult"
"Babypannekoekie2017","BPan17",2017-10-12,NA,"2017-10-12",5.5,"adult"
"Babypannekoekie2019","BPan19",2019-11-04,NA,"2019-11-04",3.43,"juvenile"
"Babypearl2015","BPear15",2015-12-03,NA,"2015-12-03",7.36,"adult"
"Babypotjie2019","BPot19",2019-10-25,NA,"2019-10-25",3.46,"juvenile"
"Babypretoria2019","BPre19",2019-11-06,NA,"2019-11-06",3.43,"juvenile"
"Babypret2021","BPre21",2021-10-05,NA,"2021-10-05",1.51,"juvenile"
"Babypuolka2019","BPuo19",2019-10-22,NA,"2019-10-22",3.47,"juvenile"
"Babyredelik2019","BRed19",2019-10-19,NA,"2019-10-19",3.48,"juvenile"
"Babyrenn2020","BRen20",2020-11-22,NA,"2020-11-22",2.38,"juvenile"
"Babyreva2019","BRev19",2019-10-23,NA,"2019-10-23",3.46,"juvenile"
"Babyrosl2020","BRos20",2020-11-03,NA,"2020-11-03",2.43,"juvenile"
"Babyroxanne2017","BRox17",2017-10-16,NA,"2017-10-16",5.49,"adult"
"Babyruby2017","BRub17",2017-11-03,NA,"2017-11-03",5.44,"adult"
"Babysiele2016","BSie16",2016-11-30,NA,"2016-11-30",6.37,"adult"
"Babysnortjie2015","BSno15",2015-11-06,NA,"2015-11-06",7.44,"adult"
"Babysuzy2014","BSuz14",2014-10-11,NA,"2014-10-11",8.51,"adult"
"Babytip2012","BTip12",2012-10-09,NA,"2012-10-09",10.52,"adult"
"Babytonga2015","BTon15",2015-11-27,NA,"2015-11-27",7.38,"adult"
"Babytroi2015","BTro15",2015-10-22,NA,"2015-10-22",7.48,"adult"
"Babyumnak2015","BUmn15",2015-11-28,NA,"2015-11-28",7.38,"adult"
"Babyupp2012","BUpp12",2012-10-19,NA,"2012-10-19",10.49,"adult"
"Babyvict2014","BVic14",2014-10-28,NA,"2014-10-28",8.46,"adult"
"Babywietnie2013","BWie13",2013-11-12,NA,"2013-11-12",9.42,"adult"
"Babyxalapa2018","BXal18",2019-01-21,NA,"2019-01-21",4.22,NA
"Babyxalapa2019","BXal19",2019-10-30,NA,"2019-10-30",3.45,"juvenile"
"Babyxian2019","BXia19",2019-10-24,NA,"2019-10-24",3.46,"juvenile"
"Babyyaou2014","BYao14",2014-10-09,NA,"2014-10-09",8.52,"adult"
"Babyzeia2015","BZei15",2015-10-15,NA,"2015-10-15",7.5,"adult"
"Babelas","Bab",NA,2010-11-09,"2009-11-01",NA,"adult"
"Bahamas","Baha",NA,2021-11-27,"2021-11-27",NA,"juvenile"
"Bali","Bali",NA,2018-04-09,"2018-04-09",NA,"adult"
"Bamako","Bam",2011-11-01,2011-11-01,"2011-11-01",11.46,"adult"
"Bangalore","Bang",2020-11-26,2020-11-26,"2020-11-26",2.37,"juvenile"
"Barbados","Barb",NA,2015-10-08,"2015-10-08",NA,"adult"
"Bari","Bari",2015-11-18,2015-11-18,"2015-11-18",7.4,"adult"
"Barry","Barr",NA,2021-07-28,"2021-07-28",NA,"juvenile"
"Base","Bas",NA,2015-02-25,"2013-04-29",NA,"adult"
"Beirut","Beir",2018-12-03,2018-12-03,"2018-12-03",4.35,"adult"
"Belabela","Bela",2014-11-29,NA,"2014-11-29",8.38,"adult"
"Beminde","Bemi",NA,2010-11-23,"2007-11-01",NA,"adult"
"Benedict","Ben",NA,2018-06-08,"2014-06-08",NA,"adult"
"Bermuda","Ber",NA,2016-02-29,"2014-11-01",NA,"adult"
"Bethlehem","Bet",2021-11-08,2021-11-08,"2021-11-08",1.41,"juvenile"
"Bigears","BigEars",NA,NA,NA,NA,NA
"Bingo","Bin",NA,2011-04-25,"2009-11-01",NA,"adult"
"Babykodiak2020","Bkod20",NA,NA,NA,NA,NA
"Blupblup","Blu",NA,NA,NA,NA,NA
"Bocold","Boc",NA,2014-12-31,"2010-12-31",NA,"adult"
"Bogota","Bogo",NA,2011-03-05,"2011-03-05",NA,"adult"
"Boks","Bok",NA,2010-11-09,"2006-11-09",NA,"adult"
"Bongani","Bon",NA,2012-01-28,"2008-01-28",NA,"adult"
"Boston","Bos",2013-10-28,2013-10-28,"2013-10-28",9.47,"adult"
"Bougainville","Bou",NA,2021-03-24,"2008-11-01",NA,"adult"
"Brasilia","Bras",NA,2011-12-16,"2011-12-16",NA,"adult"
"Brisbane","Bri",2015-11-10,2015-11-10,"2015-11-10",7.43,"adult"
"Brucespringsteen","Bru",NA,NA,NA,NA,NA
"Bryan","Bry",NA,2011-01-16,"2007-01-16",NA,"adult"
"Bukubuku","Buk",NA,2021-05-11,"2017-05-11",NA,"adult"
"Bullebak","Bul",2012-10-01,2012-10-01,"2012-10-01",10.54,"adult"
"Bushy","Bush",NA,2012-11-15,"2012-11-15",NA,"adult"
"Babyyalu2020","Byalu",2020-12-01,NA,"2020-12-01",2.35,"juvenile"
"Byron","Byr",NA,2011-11-21,"2007-11-01",NA,"adult"
"Cairo","Cairo",NA,2023-03-25,"2019-03-25",NA,"sub-adult"
"Cameron","Cam",NA,2017-10-05,"2016-11-01",NA,"adult"
"Camilla","Cami",NA,2013-11-27,"2011-11-01",NA,"adult"
"Cancun","Can",NA,2013-06-28,"2009-06-28",NA,"adult"
"Capri","Cap",NA,2022-03-28,"2022-03-28",NA,"juvenile"
"Cayman","Cay",NA,2021-05-19,"2021-05-19",NA,"juvenile"
"Charles","Cha",NA,2011-11-21,"2009-11-01",NA,"adult"
"Chernobyl","Che",NA,2012-04-28,"2008-04-28",NA,"adult"
"Chiloe","Chil",NA,2015-01-06,"2015-01-06",NA,"adult"
"Cindylauper","Cind",NA,NA,NA,NA,NA
"Circe","Circ",NA,2022-06-28,NA,NA,NA
"Clarence","Clar",NA,2021-07-28,"2021-07-28",NA,"juvenile"
"Colorado","Col",NA,2015-05-25,"2011-05-25",NA,"adult"
"Collin","Col",NA,NA,NA,NA,NA
"Cone","Con",NA,2014-12-30,"2011-11-01",NA,"adult"
"Cuba","Cuba",NA,2015-01-06,"2012-11-01",NA,"adult"
"Curaco","Cur",NA,2012-04-14,"2010-11-01",NA,"adult"
"Cusco","Cus",NA,2018-05-21,"2014-05-21",NA,"adult"
"Daartagnan","Daa",2017-11-02,2017-11-02,"2017-11-02",5.44,"adult"
"Daenerys","Daen",NA,2015-08-20,"2015-08-20",NA,"adult"
"Dagga","Dagg",NA,2011-04-07,"2011-04-07",NA,"adult"
"Daila","Dail",2021-11-20,2021-11-20,"2021-11-20",1.38,"juvenile"
"Daisy","Dais",NA,2014-08-26,"2014-08-26",NA,"adult"
"Dakar","Dak",NA,2022-09-10,"2018-09-10",NA,"sub-adult"
"Dalton","Dal",2018-11-28,2018-11-28,"2018-11-28",4.37,"sub-adult"
"Danube","Dan",NA,2012-05-25,"2008-05-25",NA,"adult"
"Danielle","Dani",2021-11-22,2021-11-22,"2021-11-22",1.38,"juvenile"
"Dapper","Dap",NA,2014-07-01,"2010-07-01",NA,"adult"
"Darwin","Dar",NA,2012-07-31,"2010-11-01",NA,"adult"
"Dastard","Das",2019-11-01,2019-11-01,"2019-11-01",3.44,"juvenile"
"Dazzle","Dazz",2020-11-20,2020-11-20,"2020-11-20",2.38,"juvenile"
"Deja","Deja",2020-12-07,2020-12-07,"2020-12-07",2.34,"juvenile"
"Delux","Del",2021-12-11,2021-12-11,"2021-12-11",1.32,"juvenile"
"Delilah","Deli",2012-10-08,2012-10-08,"2012-10-08",10.52,"adult"
"Delta","Delt",2020-12-11,2020-12-11,"2020-12-11",2.33,"juvenile"
"Derrick","Der",2021-12-11,2021-12-11,"2021-12-11",1.32,"juvenile"
"Dewey","Dewe",2017-01-04,2017-01-04,"2017-01-04",6.27,"adult"
"Dexter","Dext",2017-11-30,2017-11-30,"2017-11-30",5.36,"adult"
"Diamond","Dia",2020-10-29,2020-10-29,"2020-10-29",2.44,"juvenile"
"Diana","Dian",NA,2011-02-19,"2011-02-19",NA,"adult"
"Digby","Digb",2014-01-08,2014-01-08,"2014-01-08",9.27,"adult"
"Dillon","Dil",2016-12-05,2016-12-05,"2016-12-05",6.35,"adult"
"Dion","Dio",2015-12-12,2015-12-12,"2015-12-12",7.34,"adult"
"Disco","Dis",2021-11-21,2021-11-21,"2021-11-21",1.38,"juvenile"
"Dixon","Dix",2018-11-11,2018-11-11,"2018-11-11",4.41,"sub-adult"
"Dodgyknee","Dodg",NA,NA,NA,NA,NA
"Dokos","Dok",NA,2017-08-22,"2014-11-01",NA,"adult"
"Donsig","Don",NA,2011-04-07,"2009-11-01",NA,"adult"
"Doreen","Dore",2017-12-29,2017-12-29,"2017-12-29",5.28,"adult"
"Doublespot","Dou",NA,NA,NA,NA,NA
"Downlip","Dow",NA,NA,NA,NA,NA
"Drew","Drew",NA,2010-12-13,"2008-11-01",NA,"adult"
"Dublin","Dub",NA,2010-11-08,"2006-11-08",NA,"adult"
"Duckie","Duc",NA,2021-05-27,"2021-05-27",NA,"juvenile"
"Dulcina","Dulc",NA,2015-10-08,"2015-10-08",NA,"adult"
"Dwergie","Dwe",NA,2010-12-01,"2010-11-01",NA,"adult"
"Easter","East",NA,2018-04-09,"2018-04-09",NA,"adult"
"Edward","Edw",NA,2012-06-12,"2008-06-12",NA,"adult"
"Eier","Eie",2021-11-02,2021-11-02,"2021-11-02",1.43,"juvenile"
"Eina","Eina",2014-10-18,2014-10-18,"2014-10-18",8.49,"adult"
"Eish","Eis",2020-11-21,2020-11-21,"2020-11-21",2.38,"juvenile"
"Eivissa","Eiv",NA,2022-06-09,"2018-06-09",NA,"sub-adult"
"Ekse","Ekse",2022-12-07,2022-12-07,"2022-12-07",0.33,"baby"
"Elbar","Elba",NA,2021-07-28,"2021-07-28",NA,"juvenile"
"Ellesmere","Elle",NA,2014-12-30,"2014-12-30",NA,"adult"
"Elton","Elt",NA,2011-06-09,"2006-11-01",NA,"adult"
"Elvispresley","Elv",NA,NA,NA,NA,NA
"Emma","Emma",NA,2011-12-16,"2011-12-16",NA,"adult"
"Engel","Enge",NA,2011-04-07,"2009-11-01",NA,"adult"
"Ermelo","Erm",NA,2022-06-16,"2018-06-16",NA,"sub-adult"
"Ertjies","Ert",NA,2011-04-07,"2008-04-26",NA,"adult"
"Etosha","Eto",NA,2021-06-02,"2017-06-02",NA,"adult"
"Evanescence","Evan",NA,2011-11-01,"2011-11-01",NA,"adult"
"Everest","Eve",NA,2015-11-14,"2011-11-14",NA,"adult"
"Faroe","Far",2014-10-28,2014-10-28,"2014-10-28",8.46,"adult"
"Feekie","Feek",NA,2010-11-10,"2008-11-01",NA,"adult"
"Feniks","Fen",NA,2017-09-01,"2013-09-01",NA,"adult"
"Fergie","Ferg",NA,NA,NA,NA,NA
"Fiji","Fiji",NA,2018-04-12,"2018-04-12",NA,"adult"
"Flatty","Fla",NA,2015-01-06,"2011-11-01",NA,"adult"
"Flensburg","Fle",NA,2020-06-16,"2016-06-16",NA,"adult"
"Fluister","Flu",NA,2019-04-30,"2015-04-30",NA,"adult"
"Foei","Foei",NA,2010-11-09,"2010-11-09",NA,"adult"
"Formentera","Form",NA,2014-10-28,"2014-10-28",NA,"adult"
"Freyja","Frey",NA,2022-06-28,NA,NA,NA
"Fudu","Fud",NA,2013-06-11,"2009-06-11",NA,"adult"
"Furryglen","Fur",NA,NA,NA,NA,NA
"Gaaf","Gaa",2014-10-20,2014-10-20,"2014-10-20",8.49,"adult"
"Gabaroni","Gab",2022-12-15,2022-12-15,"2022-12-15",0.31,"baby"
"Gabillou","Gabi",2016-11-14,2016-11-14,"2016-11-14",6.41,"adult"
"Gagasa","Gaga",NA,2011-01-18,"2011-01-18",NA,"adult"
"Galapagos","Gala",NA,2015-01-06,"2015-01-06",NA,"adult"
"Galati","Gala",2015-10-23,2015-10-23,"2015-10-23",7.48,"adult"
"Galeria","Gale",2021-11-05,2021-11-05,"2021-11-05",1.42,"juvenile"
"Gangtok","Gan",2017-11-13,2017-11-13,"2017-11-13",5.41,"adult"
"Garoua","Gar",2012-10-11,2012-10-11,"2012-10-11",10.51,"adult"
"Gasket","Gas",NA,2021-10-25,"2021-10-25",NA,"juvenile"
"Gaya","Gaya",2011-11-14,2011-11-14,"2011-11-14",11.43,"adult"
"Gelosi","Gel",NA,2012-05-14,"2007-11-01",NA,"adult"
"Geleza","Gele",2012-09-29,2012-09-29,"2012-09-29",10.55,"adult"
"Geneva","Gene",NA,2011-01-13,"2011-01-13",NA,"adult"
"George","Geo",NA,2019-03-18,"2015-03-18",NA,"adult"
"Fakegeorge","George",NA,NA,NA,NA,NA
"Gesels","Gese",NA,2011-04-12,"2009-11-01",NA,"adult"
"Ghandaghanda","Gha",2020-11-17,2020-11-17,"2020-11-17",2.39,"juvenile"
"Ghangaan","Ghan",NA,2012-01-28,"2009-11-01",NA,"adult"
"Ghidigidi","Ghi",2018-11-12,2018-11-12,"2018-11-12",4.41,"sub-adult"
"Ghida","Ghid",2014-10-31,2014-10-31,"2014-10-31",8.46,"adult"
"Ghozololo","Gho",2012-11-05,2012-11-05,"2012-11-05",10.45,"adult"
"Gibela","Gib",2020-11-12,2020-11-12,"2020-11-12",2.4,"juvenile"
"Gigolo","Gig",NA,2010-12-07,"2006-12-07",NA,"adult"
"Gijima","Giji",2022-12-29,2022-12-29,"2022-12-29",0.27,"baby"
"Gilane","Gil",2018-11-20,2018-11-20,"2018-11-20",4.39,"sub-adult"
"Gino","Gin",NA,2010-12-24,"2007-11-01",NA,"adult"
"Ginqinka","Ginq",2014-10-18,2014-10-18,"2014-10-18",8.49,"adult"
"Giya","Giy",2011-10-07,2011-10-07,"2011-10-07",11.53,"adult"
"Glastonbury","Gla",2013-11-12,2013-11-12,"2013-11-12",9.42,"adult"
"Gloed","Glo",2022-11-04,2022-11-04,"2022-11-04",0.42,"baby"
"Gobela","Gobe",2021-11-12,2021-11-12,"2021-11-12",1.4,"juvenile"
"Goduka","Godu",2017-10-09,2017-10-09,"2017-10-09",5.51,"adult"
"Goed","Goe",2018-10-26,2018-10-26,"2018-10-26",4.46,"sub-adult"
"Gomonqo","Gom",2021-11-03,2021-11-03,"2021-11-03",1.43,"juvenile"
"Goose","Goos",NA,2017-10-10,"2017-10-10",NA,"adult"
"Govu","Gov",NA,2012-01-28,"2009-11-01",NA,"adult"
"Granada","Gran",2014-12-08,2014-12-08,"2014-12-08",8.35,"adult"
"Greenbay","Gree",2019-11-06,2019-11-06,"2019-11-06",3.43,"juvenile"
"Griffin","Gri",2020-11-23,2020-11-23,"2020-11-23",2.37,"juvenile"
"Grimsby","Grim",2022-11-04,2022-11-04,"2022-11-04",0.42,"baby"
"Griselles","Gris",2018-12-13,2018-12-13,"2018-12-13",4.33,"adult"
"Grive","Griv",2021-11-03,2021-11-03,"2021-11-03",1.43,"juvenile"
"Grote","Gro",NA,2011-04-07,"2008-03-21",NA,"adult"
"Guadalajara","Gua",2022-11-08,2022-11-08,"2022-11-08",0.41,"baby"
"Guatemala","Guat",2016-11-22,2016-11-22,"2016-11-22",6.39,"adult"
"Gubudu","Gub",2020-12-11,2020-12-11,"2020-12-11",2.33,"juvenile"
"Gubane","Guba",2018-11-25,2018-11-25,"2018-11-25",4.38,"adult"
"Gubha","Gubh",2014-11-01,2014-11-01,"2014-11-01",8.45,"adult"
"Gugu","Gugu",2010-11-02,2010-11-02,"2010-11-02",12.46,"adult"
"Gunsandroses","Gun",NA,NA,NA,NA,NA
"Gunya","Guny",2016-11-16,2016-11-16,"2016-11-16",6.4,"adult"
"Gusha","Gus",2020-11-16,2020-11-16,"2020-11-16",2.39,"juvenile"
"Guyaquil","Guy",2010-11-05,2010-11-05,"2010-11-05",12.45,"adult"
"Guzunga","Guz",2018-11-01,2018-11-01,"2018-11-01",4.44,"sub-adult"
"Haaigranaat","Haai",2021-11-04,2021-11-04,"2021-11-04",1.42,"juvenile"
"Hakie","Haki",NA,2010-11-23,"2010-11-23",NA,"adult"
"Halfy","Hal",2012-12-01,2014-10-18,"2012-12-01",10.37,"adult"
"Hamlet","Ham",NA,2011-05-14,"2014-11-01",NA,"adult"
"Hamba","Hamb",NA,2010-12-18,"2010-12-18",NA,"adult"
"Handi","Han",NA,2014-12-31,"2012-11-01",NA,"adult"
"Harry","Har",NA,2011-06-09,"2007-06-09",NA,"adult"
"Hasie","Has",2015-11-19,2015-11-19,"2015-11-19",7.4,"adult"
"Hawai","Haw",NA,2022-06-11,"2018-06-11",NA,"sub-adult"
"Heelal","Hee",2017-10-30,2017-10-30,"2017-10-30",5.45,"adult"
"Heerlik","Heer",NA,2010-11-16,"2010-11-16",NA,"adult"
"Heilweis","Hei",2014-10-31,2014-10-31,"2014-10-31",8.46,"adult"
"Helmet","Hel",NA,2014-12-31,"2012-11-01",NA,"adult"
"Heleza","Hele",NA,2012-05-14,"2008-11-01",NA,"adult"
"Helikopter","Heli",2020-11-19,2020-11-19,"2020-11-19",2.39,"juvenile"
"Hemel","Hem",2021-11-04,2021-11-04,"2021-11-04",1.42,"juvenile"
"Henderson","Hen",NA,2015-01-06,"2011-01-06",NA,"adult"
"Herskep","Her",2022-12-07,2022-12-07,"2022-12-07",0.33,"baby"
"Hera","Hera",NA,2022-06-28,NA,NA,NA
"Heyi","Hey",2012-10-15,2012-10-15,"2012-10-15",10.5,"adult"
"Hiasint","Hia",2018-10-26,2018-10-26,"2018-10-26",4.46,"sub-adult"
"Hibe","Hib",2010-11-02,2010-11-02,"2010-11-02",12.46,"adult"
"Hibiscus","Hibi",2016-11-30,2016-11-30,"2016-11-30",6.37,"adult"
"Hippie","Hipp",2012-10-22,2012-10-22,"2012-10-22",10.48,"adult"
"Hleka","Hlek",NA,2012-01-28,"2009-11-01",NA,"adult"
"Hlokoloza","Hlo",2012-12-23,2012-12-23,"2012-12-23",10.31,"adult"
"Hluhluwe","Hlu",2014-10-18,2014-10-18,"2014-10-18",8.49,"adult"
"Hola","Hol",2012-09-11,2012-09-11,"2012-09-11",10.6,"adult"
"Holey","Hole",NA,2021-06-01,"2021-06-01",NA,"juvenile"
"Hondjie","Hond",2016-11-29,2016-11-29,"2016-11-29",6.37,"adult"
"Huge","Huge",NA,2015-01-12,"2012-11-01",NA,"adult"
"Humusha","Hum",2014-09-22,2014-09-22,"2014-09-22",8.56,"adult"
"Hwahwaza","Hwa",2011-09-16,2011-09-16,"2011-09-16",11.59,"adult"
"Iceland","Icel",NA,2014-12-30,"2014-12-30",NA,"adult"
"Idwala","Idwa",2011-11-10,2011-11-10,"2011-11-10",11.44,"adult"
"Ifu","Ifu",2010-11-02,2010-11-02,"2010-11-02",12.46,"adult"
"Iggy","Igg",NA,2014-08-18,"2014-08-18",NA,"adult"
"Ihlane","Ihl",2014-11-03,2014-11-03,"2014-11-03",8.45,"adult"
"Ijinja","Iji",2012-10-09,2012-10-09,"2012-10-09",10.52,"adult"
"Ilonga","Ilon",2013-11-04,2013-11-04,"2013-11-04",9.45,"adult"
"Imposter","Imp",NA,NA,"2013-05-22",NA,"adult"
"India","Indi",NA,2012-11-15,"2012-11-15",NA,"adult"
"Inhlanhla","Inhl",NA,2012-01-28,"2009-11-01",NA,"adult"
"Inkwazi","Inkw",2013-11-18,2013-11-18,"2013-11-18",9.41,"adult"
"Inner","Inn",NA,2014-12-31,"2012-11-01",NA,"adult"
"Intaba","Int",2014-11-27,2014-11-27,"2014-11-27",8.38,"adult"
"Ireland","Ire",NA,2015-11-08,"2014-11-01",NA,"adult"
"Ischia","Isc",NA,2017-10-16,"2014-07-18",NA,"adult"
"Isilonda","Isil",NA,2010-12-18,"2010-12-18",NA,"adult"
"Istanbul","Ist",NA,2010-12-15,"2008-01-09",NA,"adult"
"Izulu","Izu",NA,2012-01-28,"2009-11-01",NA,"adult"
"Juv1","JUV1",NA,NA,NA,NA,NA
"Juv2","JUV2",NA,NA,NA,NA,NA
"Jackie","Jac",NA,2011-08-03,"2009-11-01",NA,"adult"
"Jagerbomb","Jag",NA,2014-05-08,"2010-05-08",NA,"adult"
"Jakarta","Jaka",NA,2011-01-18,"2011-01-18",NA,"adult"
"James","Jam",NA,2011-01-28,"2007-01-28",NA,"adult"
"Jamaica","Jama",NA,NA,NA,NA,NA
"Jane","Jane",2016-01-15,2016-01-15,"2016-01-15",7.25,"adult"
"Japan","Jap",NA,2014-12-30,"2010-12-30",NA,"adult"
"Java","Java",NA,2016-03-28,"2012-11-01",NA,"adult"
"Jeddah","Jed",2014-10-27,2014-10-27,"2014-10-27",8.47,"adult"
"Jelly","Jell",2017-10-19,2017-10-19,"2017-10-19",5.48,"adult"
"Jenny","Jenn",NA,2011-11-16,"2011-11-16",NA,"adult"
"Jersey","Jers",NA,2017-10-26,"2017-10-26",NA,"adult"
"Jiamusi","Jia",2015-11-09,2015-11-09,"2015-11-09",7.43,"adult"
"Jillin","Jill",2012-10-15,2012-10-15,"2012-10-15",10.5,"adult"
"Jimmyhendricks","Jim",NA,NA,NA,NA,NA
"Jinka","Jink",2010-11-22,2010-11-22,"2010-11-22",12.41,"adult"
"Jixi","Jix",2013-10-31,2013-10-31,"2013-10-31",9.46,"adult"
"Joe","Joe",2013-12-01,2014-09-18,"2013-12-01",9.37,"adult"
"Johannesburg","Joha",2015-10-30,2015-10-30,"2015-10-30",7.46,"adult"
"Juneau","Jun",2011-11-20,2011-11-20,"2011-11-20",11.41,"adult"
"Kaiki","Kaik",NA,2010-11-09,"2010-11-09",NA,"adult"
"Kaptein","Kap",NA,2023-02-04,"2019-02-04",NA,"sub-adult"
"Karenzoid","Kare",NA,NA,NA,NA,NA
"Kate","Kate",2015-12-09,2015-12-09,"2015-12-09",7.35,"adult"
"Kauai","Kau",NA,2015-11-28,"2011-11-28",NA,"adult"
"Kaya","Kaya",NA,2013-02-07,"2013-02-07",NA,"adult"
"Kekeke","Kek",NA,2019-05-31,"2015-05-31",NA,"adult"
"Kenneth","Ken",NA,2014-08-15,"2011-11-18",NA,"adult"
"Kergelen","Ker",NA,2014-12-30,"2010-12-30",NA,"adult"
"Kies","Kie",2010-11-23,2010-11-23,"2010-11-23",12.4,"adult"
"Kilimanjaro","Kil",NA,2015-11-14,"2011-11-14",NA,"adult"
"Knoffel","Kno",NA,2022-11-07,"2018-11-07",NA,"sub-adult"
"Knysna","Kny",NA,2022-10-17,"2018-10-17",NA,"sub-adult"
"Kodiak","Kodi",NA,2018-04-12,"2018-04-12",NA,"adult"
"Kommunis","Kom",NA,2017-09-04,"2013-09-04",NA,"adult"
"Koninging","Koni",NA,2011-12-09,"2011-12-09",NA,"adult"
"Kookoolegit","Koo",NA,2018-04-12,"2014-07-18",NA,"adult"
"Krakatoa","Krak",NA,2014-10-28,"2014-10-28",NA,"adult"
"Kurtcubain","Kur",NA,NA,NA,NA,NA
"Kyle","Kyl",2014-11-24,2014-11-24,"2014-11-24",8.39,"adult"
"Laila","Lail",NA,2018-06-11,"2018-06-11",NA,"adult"
"Lampshade","Lamp",2019-11-07,2019-11-07,"2019-11-07",3.42,"juvenile"
"Lancey","Lanc",2014-10-29,2014-10-29,"2014-10-29",8.46,"adult"
"Larry","Lar",2018-12-15,2018-12-15,"2018-12-15",4.32,"sub-adult"
"Laurel","Laur",NA,2012-11-12,"2010-11-01",NA,"adult"
"Lausanne","Laus",NA,2011-03-05,"2011-03-05",NA,"adult"
"Lavander","Lava",2017-10-11,2017-10-11,"2017-10-11",5.5,"adult"
"Lawrence","Law",2015-11-17,2015-11-17,"2015-11-17",7.41,"adult"
"Lefty","Lef",2013-12-01,2014-05-31,"2013-12-01",9.37,"adult"
"Lekker","Lek",NA,2010-11-09,"2006-11-09",NA,"adult"
"Lennon","Len",2012-09-19,2012-09-19,"2012-09-19",10.58,"adult"
"Lewe","Lewe",2018-10-26,2018-10-26,"2018-10-26",4.46,"adult"
"Lhassa","Lhas",NA,2011-12-16,"2011-12-16",NA,"adult"
"Liam","Lia",2013-11-01,2014-08-15,"2013-11-01",9.46,"adult"
"Liffey","Lif",NA,2015-04-28,"2011-04-28",NA,"adult"
"Light","Lig",2020-10-29,2020-10-29,"2020-10-29",2.44,"juvenile"
"Lilly","Lill",2015-10-16,2015-10-16,"2015-10-16",7.49,"adult"
"Lima","Lima",2014-11-04,2014-11-04,"2014-11-04",8.44,"adult"
"Lionel","Lion",NA,2014-12-31,"2011-11-01",NA,"adult"
"Lipsy","Lip",NA,2019-06-01,"2015-06-01",NA,"adult"
"Lizz","Lizz",NA,2011-01-28,"2011-01-28",NA,"adult"
"Lohihi","Lohi",NA,2015-01-10,"2015-01-10",NA,"adult"
"Loki","Loki",2020-12-07,2020-12-07,"2020-12-07",2.34,"juvenile"
"Lola","Lola",2021-12-03,2021-12-03,"2021-12-03",1.35,"juvenile"
"Lome","Lom",2011-10-27,2011-10-27,"2011-10-27",11.48,"adult"
"Lotus","Lotu",2022-12-22,2022-12-22,"2022-12-22",0.29,"baby"
"Louise","Loui",2016-11-09,2016-11-09,"2016-11-09",6.42,"adult"
"Luan","Lua",2016-12-19,2016-12-19,"2016-12-19",6.31,"adult"
"Lucifer","Luc",2021-12-11,2021-12-11,"2021-12-11",1.32,"juvenile"
"Lugano","Lug",2020-12-21,2020-12-21,"2020-12-21",2.3,"juvenile"
"Luna","Luna",2022-12-06,2022-12-06,"2022-12-06",0.33,"baby"
"Macedonia","Mac",NA,2014-12-31,"2010-12-31",NA,"adult"
"Mackanzie","Mack",NA,2014-12-31,"2012-11-01",NA,"adult"
"Madagascar","Mad",NA,2014-10-08,"2010-10-08",NA,"adult"
"Madonna","Mado",NA,NA,NA,NA,NA
"Malawi","Mal",2014-12-14,2014-12-14,"2014-12-14",8.33,"adult"
"Mamoobi","Mamo",NA,2011-01-18,"2011-01-18",NA,"adult"
"Mandy","Man",NA,2022-09-22,"2018-09-22",NA,"sub-adult"
"Manhattan","Manh",NA,2016-02-11,"2014-11-01",NA,"adult"
"Margarita","Mar",NA,2017-10-25,"2013-11-17",NA,"adult"
"Mara","Mara",NA,2013-05-06,"2013-05-06",NA,"adult"
"Martinique","Mart",NA,2015-10-07,"2015-10-07",NA,"adult"
"Mass","Mas",2018-11-12,2018-11-12,"2018-11-12",4.41,"sub-adult"
"Mathimula","Mat",2014-10-21,2014-10-21,"2014-10-21",8.48,"adult"
"Mbazwane","Mba",2013-11-15,2013-11-15,"2013-11-15",9.42,"adult"
"Mbila","Mbil",2018-11-05,2018-11-05,"2018-11-05",4.43,"adult"
"Medjerda","Med",NA,2012-05-09,"2008-05-09",NA,"adult"
"Medusa","Medu",NA,2022-06-28,NA,NA,NA
"Meerkat","Mee",2014-10-27,2014-10-27,"2014-10-27",8.47,"adult"
"Merlin","Mer",NA,2011-08-03,"2009-11-01",NA,"adult"
"Mercury","Mer",2012-12-01,2014-12-18,"2012-12-01",10.37,"adult"
"Mevrou","Mevr",2012-10-29,2012-10-29,"2012-10-29",10.47,"adult"
"Mfolozi","Mfo",NA,2010-12-12,"2007-11-01",NA,"adult"
"Mhaori","Mhao",2016-11-17,2016-11-17,"2016-11-17",6.4,"adult"
"Michaeljackson","Mic",NA,NA,NA,NA,NA
"Middag","Midd",2015-11-09,2015-11-09,"2015-11-09",7.43,"adult"
"Mielies","Miel",NA,2010-11-16,"2010-11-16",NA,"adult"
"Milano","Mil",NA,2010-11-08,"2006-11-08",NA,"adult"
"Mimiek","Mimi",2018-10-26,2018-10-26,"2018-10-26",4.46,"adult"
"Mississipi","Mis",2013-11-27,2013-11-27,"2013-11-27",9.38,"adult"
"Miskien","Misk",2021-11-19,2021-11-19,"2021-11-19",1.38,"juvenile"
"Mnandi","Mna",NA,2012-01-28,"2009-11-01",NA,"adult"
"Modjadji","Modj",2011-10-31,2011-10-31,"2011-10-31",11.46,"adult"
"Moesa","Moes",2020-11-24,2020-11-24,"2020-11-24",2.37,"juvenile"
"Mokcha","Mokc",2017-10-13,2017-10-13,"2017-10-13",5.5,"adult"
"Momo","Mom",NA,2021-06-04,"2017-06-04",NA,"adult"
"Montreal","Mon",NA,2021-10-25,"2021-10-25",NA,"juvenile"
"Mooi","Mooi",NA,2010-11-09,"2010-11-09",NA,"adult"
"Moonie","Moon",NA,2014-02-28,"2012-11-01",NA,"adult"
"Mousse","Mou",NA,2011-08-03,"2009-11-01",NA,"adult"
"Moya","Moya",2017-10-26,2017-10-26,"2017-10-26",5.46,"adult"
"Mpukuvane","Mpu",NA,2012-05-14,"2009-11-01",NA,"adult"
"Muis","Mui",2020-11-25,2020-11-25,"2020-11-25",2.37,"juvenile"
"Mungunya","Mun",2012-10-15,2012-10-15,"2012-10-15",10.5,"adult"
"Mvula","Mvu",2010-11-02,2010-11-02,"2010-11-02",12.46,"adult"
"Naartjie","Naa",2020-12-21,2020-12-21,"2020-12-21",2.3,"juvenile"
"Naaldekoker","Naal",2018-10-26,2018-10-26,"2018-10-26",4.46,"adult"
"Nagapie","Naga",2022-11-29,2022-11-29,"2022-11-29",0.35,"baby"
"Nahoon","Nah",2016-11-14,2016-11-14,"2016-11-14",6.41,"adult"
"Nakhu","Nak",2017-10-31,2017-10-31,"2017-10-31",5.45,"adult"
"Nala","Nala",NA,2012-04-18,"2008-11-01",NA,"adult"
"Namnam","Namn",NA,NA,NA,NA,NA
"Nantucket","Nan",NA,2017-11-02,"2014-07-18",NA,"adult"
"Napoli","Nap",NA,2010-11-08,"2006-11-08",NA,"adult"
"Ncane","Nca",2022-12-01,2022-12-01,"2022-12-01",0.35,"baby"
"Ncoko","Ncok",2018-11-02,2018-11-02,"2018-11-02",4.44,"adult"
"Ndanda","Nda",2018-11-03,2018-11-03,"2018-11-03",4.44,"sub-adult"
"Ndawonya","Ndaw",2016-02-08,2016-02-08,"2016-02-08",7.18,"adult"
"Ndiza","Ndi",2014-11-01,2014-11-01,"2014-11-01",8.45,"adult"
"Ndiki","Ndik",2017-10-16,2017-10-16,"2017-10-16",5.49,"adult"
"Ndini","Ndin",2022-12-03,2022-12-03,"2022-12-03",0.34,"baby"
"Ndlovu","Ndl",2021-11-02,2021-11-02,"2021-11-02",1.43,"juvenile"
"Ndondo","Ndo",2021-01-04,2021-01-04,"2021-01-04",2.26,"juvenile"
"Ndonsa","Ndon",NA,2012-11-02,"2012-11-02",NA,"adult"
"Ndumiso","Ndum",2020-11-16,2020-11-16,"2020-11-16",2.39,"juvenile"
"Nelson","Nel",NA,2022-03-17,"2018-03-17",NA,"adult"
"Nessie","Ness",NA,2012-08-01,"2011-11-01",NA,"adult"
"Neuchatel","Neu",NA,2011-12-16,"2010-05-08",NA,"adult"
"Newton","New",NA,2011-07-09,"2007-07-09",NA,"adult"
"Newmale3","NewMale3",NA,NA,NA,NA,NA
"Ngenakubo","Nge",2016-11-18,2016-11-18,"2016-11-18",6.4,"adult"
"Ngubu","Ngu",2011-11-26,2011-11-26,"2011-11-26",11.39,"adult"
"Niese","Nies",2010-10-31,2010-10-31,"2010-10-31",12.47,"adult"
"Nihau","Niha",NA,2017-11-06,"2012-11-01",NA,"adult"
"Nihiru","Nihi",NA,2021-11-09,"2021-11-09",NA,"juvenile"
"Nil","Nil",NA,2011-11-05,"2007-11-05",NA,"adult"
"Nirtjies","Nirt",2015-11-06,2015-11-06,"2015-11-06",7.44,"adult"
"Nkomo","Nko",2021-11-04,2021-11-04,"2021-11-04",1.42,"juvenile"
"Nkosikasi","Nkos",NA,2010-11-11,"2005-11-01",NA,"adult"
"Nkunzi","Nkun",2020-11-19,2020-11-19,"2020-11-19",2.39,"juvenile"
"Noah","Noa",NA,2013-02-09,"2013-02-09",NA,"adult"
"Noktober","Nok",2011-10-26,2011-10-26,"2011-10-26",11.48,"adult"
"Nonnitgie","Non",2018-11-22,2018-11-22,"2018-11-22",4.38,"sub-adult"
"Nooit","Noo",2021-11-09,2021-11-09,"2021-11-09",1.41,"juvenile"
"Nooiens","Nooi",2014-11-28,2014-11-28,"2014-11-28",8.38,"adult"
"Nora","Nora",NA,2021-07-28,"2021-07-28",NA,"juvenile"
"Nuclides","Nucl",2019-11-04,2019-11-04,"2019-11-04",3.43,"juvenile"
"Nugget","Nug",2021-10-26,2021-10-26,"2021-10-26",1.45,"juvenile"
"Nukke","Nuk",2021-10-18,2021-10-18,"2021-10-18",1.47,"juvenile"
"Nul","Nul",2021-10-06,2021-10-06,"2021-10-06",1.5,"juvenile"
"Numbies","Numb",NA,2010-11-09,"2010-11-09",NA,"adult"
"Nurks","Nurk",2012-10-01,2012-10-01,"2012-10-01",10.54,"adult"
"Nuuskierig","Nuu",2017-10-16,2017-10-16,"2017-10-16",5.49,"adult"
"Nyala","Nyal",2021-11-05,2021-11-05,"2021-11-05",1.42,"juvenile"
"Nyanga","Nyan",2014-10-31,2014-10-31,"2014-10-31",8.46,"adult"
"Nyoni","Nyo",2012-10-22,2012-10-22,"2012-10-22",10.48,"adult"
"Oahu","Oahu",NA,2015-01-12,"2015-01-12",NA,"adult"
"Oase","Oase",2022-11-19,2022-11-19,"2022-11-19",0.38,"baby"
"Obelisk","Obe",2014-11-15,2014-11-15,"2014-11-15",8.41,"adult"
"Obsessie","Obse",2017-10-24,2017-10-24,"2017-10-24",5.47,"adult"
"Oerwoud","Oerw",2018-11-09,2018-11-09,"2018-11-09",4.42,"adult"
"Ogies","Ogi",2011-11-02,2011-11-02,"2011-11-02",11.46,"adult"
"Okavango","Oka",NA,2015-05-04,"2011-05-04",NA,"adult"
"Okefenokee","Oke",NA,2021-05-31,"2017-05-31",NA,"adult"
"Okucane","Oku",NA,2011-01-18,"2007-11-01",NA,"adult"
"Oliver","Oli",2009-12-01,2014-02-04,"2009-12-01",13.38,"adult"
"Olona","Olo",NA,2015-04-03,"2011-04-03",NA,"adult"
"Olyf","Olyf",2022-11-15,2022-11-15,"2022-11-15",0.39,"baby"
"Omelet","Ome",2021-11-04,2021-11-04,"2021-11-04",1.42,"juvenile"
"Onbeskof","Onb",2012-10-19,2012-10-19,"2012-10-19",10.49,"adult"
"Oom","Oom",NA,2010-12-24,"2006-12-24",NA,"adult"
"Oortjies","Oort",2015-11-20,2015-11-20,"2015-11-20",7.4,"adult"
"Oscar","Osc",NA,2018-06-07,"2014-06-07",NA,"adult"
"Otter","Ott",2022-12-26,2022-12-26,"2022-12-26",0.28,"baby"
"Ouagadougou","Oua",NA,2019-06-03,"2015-06-03",NA,"adult"
"Oulik","Ouli",NA,2010-11-09,"2010-11-09",NA,"adult"
"Ouma","Ouma",2020-11-18,2020-11-18,"2020-11-18",2.39,"juvenile"
"Oupa","Oup",2020-11-13,2020-11-13,"2020-11-13",2.4,"juvenile"
"Padkos","Padk",2021-10-27,2021-10-27,"2021-10-27",1.45,"juvenile"
"Pale","Pal",NA,2014-12-30,"2012-11-01",NA,"adult"
"Palmela","Palm",2020-12-17,2020-12-17,"2020-12-17",2.31,"juvenile"
"Pandora","Pand",NA,2022-06-28,NA,NA,NA
"Pannekoekie","Pann",NA,2010-12-01,"2010-12-01",NA,"adult"
"Papsak","Pap",2015-11-12,2015-11-12,"2015-11-12",7.42,"adult"
"Papp","Papp",2020-11-04,2020-11-04,"2020-11-04",2.43,"juvenile"
"Paris","Pari",NA,2010-11-08,"2010-11-08",NA,"adult"
"Patlansky","Pat",NA,NA,NA,NA,NA
"Pearl","Pear",NA,2013-04-24,"2013-04-24",NA,"adult"
"Persephone","Pers",NA,2022-11-25,NA,NA,NA
"Pianosa","Pia",NA,2015-09-26,"2011-09-26",NA,"adult"
"Piesang","Pie",2021-10-18,2021-10-18,"2021-10-18",1.47,"juvenile"
"Pieperig","Piep",NA,2013-01-18,"2013-01-18",NA,"adult"
"Pik","Pik",NA,2010-11-09,"2006-11-09",NA,"adult"
"Pikito","Pik",NA,2012-05-09,"2009-11-01",NA,"adult"
"Pikkewyn","Pikk",2022-12-10,2022-12-10,"2022-12-10",0.32,"baby"
"Pink","Pink",NA,2010-12-13,"2010-12-13",NA,"adult"
"Pitcairn","Pit",NA,NA,NA,NA,NA
"Pixsel","Pix",2018-12-20,2018-12-20,"2018-12-20",4.31,"sub-adult"
"Pizza","Piz",NA,2014-12-30,"2013-11-01",NA,"adult"
"Plainjane","Pla",NA,NA,NA,NA,NA
"Plesier","Ples",2014-10-20,2014-10-20,"2014-10-20",8.49,"adult"
"Poeding","Poe",2011-11-11,2011-11-11,"2011-11-11",11.43,"adult"
"Pofferthie","Poff",2018-10-26,2018-10-26,"2018-10-26",4.46,"adult"
"Pointy","Poi",NA,2015-01-12,"2013-04-26",NA,"adult"
"Pointyears","PointyEars",NA,NA,NA,NA,NA
"Pomelo","Pom",2017-10-19,2017-10-19,"2017-10-19",5.48,"adult"
"Poppie","Popp",2020-11-12,2020-11-12,"2020-11-12",2.4,"juvenile"
"Potjie","Potj",2013-11-23,2013-11-23,"2013-11-23",9.39,"adult"
"Praia","Prai",2013-11-19,2013-11-19,"2013-11-19",9.41,"adult"
"Pratella","Prat",2018-11-17,2018-11-17,"2018-11-17",4.4,"adult"
"Pretoria","Pret",NA,2011-12-16,"2011-12-16",NA,"adult"
"Primavera","Prim",2021-10-28,2021-10-28,"2021-10-28",1.44,"juvenile"
"Prinses","Prin",NA,2010-11-09,"2010-11-09",NA,"adult"
"Propriano","Pro",2014-11-19,2014-11-19,"2014-11-19",8.4,"adult"
"Pruszkow","Pru",2015-11-23,2015-11-23,"2015-11-23",7.39,"adult"
"Pruin","Prui",2022-11-22,2022-11-22,"2022-11-22",0.37,"baby"
"Puerto","Pue",2011-12-27,2011-12-27,"2011-12-27",11.31,"adult"
"Puntag","Pun",NA,2018-03-02,"2014-03-02",NA,"adult"
"Puolka","Puol",2015-12-28,2015-12-28,"2015-12-28",7.29,"adult"
"Purper","Pur",2021-11-05,2021-11-05,"2021-11-05",1.42,"juvenile"
"Puymerl","Puym",2018-11-07,NA,"2018-11-07",4.43,"adult"
"Pyeongchang","Pye",2017-10-23,2017-10-23,"2017-10-23",5.47,"adult"
"Queen","Quee",NA,2011-01-19,"2005-11-01",NA,"adult"
"Quito","Qui",NA,2010-12-15,"2007-11-19",NA,"adult"
"Rabat","Raba",2016-11-23,2016-11-23,"2016-11-23",6.39,"adult"
"Radja","Rad",NA,2010-12-13,"2007-11-25",NA,"adult"
"Rafaela","Rafa",2021-11-02,2021-11-02,"2021-11-02",1.43,"juvenile"
"Rakker","Rak",2012-11-16,2012-11-16,"2012-11-16",10.42,"adult"
"Rambouillet","Ram",2018-11-09,2018-11-09,"2018-11-09",4.42,"sub-adult"
"Raspberry","Rasp",NA,2015-11-13,"2011-11-01",NA,"adult"
"Ratel","Rat",2015-11-30,2015-11-30,"2015-11-30",7.37,"adult"
"Redhot","Red",NA,NA,NA,NA,NA
"Redelik","Rede",2014-11-10,2014-11-10,"2014-11-10",8.43,"adult"
"Reenval","Ree",2020-11-24,2020-11-24,"2020-11-24",2.37,"juvenile"
"Reenboog","Reen",2018-12-12,2018-12-12,"2018-12-12",4.33,"adult"
"Regina","Regi",2018-11-15,2018-11-15,"2018-11-15",4.4,"adult"
"Reindeer","Rein",NA,2016-11-01,"2014-11-01",NA,"adult"
"Reno","Ren",2019-11-12,2019-11-12,"2019-11-12",3.41,"juvenile"
"Renee","Rene",2016-11-01,2016-11-01,"2016-11-01",6.45,"adult"
"Rennes","Renn",2013-11-15,2013-11-15,"2013-11-15",9.42,"adult"
"Renoster","Reno",2021-11-15,2021-11-15,"2021-11-15",1.39,"juvenile"
"Revdanda","Rev",2017-11-16,2017-11-16,"2017-11-16",5.4,"adult"
"Reva","Reva",2011-11-21,2011-11-21,"2011-11-21",11.41,"adult"
"Reykjavik","Rey",2015-11-23,2015-11-23,"2015-11-23",7.39,"adult"
"Rheban","Rhe",2012-10-27,2012-10-27,"2012-10-27",10.47,"adult"
"Richard","Ric",2015-11-12,2015-11-12,"2015-11-12",7.42,"adult"
"Ridder","Rid",2018-11-14,2018-11-14,"2018-11-14",4.41,"sub-adult"
"Rimini","Rim",2021-01-11,2021-01-11,"2021-01-11",2.24,"juvenile"
"Rimpel","Rimp",2021-11-18,2021-11-18,"2021-11-18",1.39,"juvenile"
"Rio","Rio",NA,2011-12-16,"2011-12-16",NA,"adult"
"Rioja","Rioj",2017-11-03,2017-11-03,"2017-11-03",5.44,"adult"
"Rishikesh","Ris",2022-12-14,2022-12-14,"2022-12-14",0.31,"baby"
"Rissiepit","Riss",NA,2011-04-26,"2006-11-01",NA,"adult"
"Riversdale","Riv",2020-11-16,2020-11-16,"2020-11-16",2.39,"juvenile"
"Rivas","Riva",2021-11-08,2021-11-08,"2021-11-08",1.41,"juvenile"
"Rivier","Rivi",2020-11-24,2020-11-24,"2020-11-24",2.37,"juvenile"
"Riyadh","Riy",2014-11-04,2014-11-04,"2014-11-04",8.44,"adult"
"Robin","Rob",2016-10-20,2016-10-20,"2016-10-20",6.48,"adult"
"Robben","Robb",NA,2015-09-29,"2015-09-29",NA,"adult"
"Rocky","Roc",2017-10-09,2017-10-09,"2017-10-09",5.51,"adult"
"Rochdale","Roc",2018-11-01,2018-11-01,"2018-11-01",4.44,"sub-adult"
"Roeslare","Roes",2020-11-19,2020-11-19,"2020-11-19",2.39,"juvenile"
"Roma","Roma",NA,2010-11-08,"2010-11-08",NA,"adult"
"Rooikat","Roo",2011-12-05,2011-12-05,"2011-12-05",11.37,"adult"
"Rooibos","Rooi",2022-12-17,2022-12-17,"2022-12-17",0.3,"baby"
"Rosyn","Ros",2022-12-07,2022-12-07,"2022-12-07",0.33,"baby"
"Rosemary","Rose",2011-12-01,NA,"2011-12-01",11.38,"adult"
"Roslin","Rosl",2015-11-23,2015-11-23,"2015-11-23",7.39,"adult"
"Roxanne","Roxa",2014-10-30,2014-10-30,"2014-10-30",8.46,"adult"
"Ruby","Ruby",NA,2012-11-08,"2012-11-08",NA,"adult"
"Rupert","Rup",2014-10-18,2014-10-18,"2014-10-18",8.49,"adult"
"Rusk","Rus",NA,2011-06-04,"2007-06-04",NA,"adult"
"Rustig","Rust",2017-10-21,2017-10-21,"2017-10-21",5.47,"adult"
"Ryan","Rya",NA,2022-07-06,"2018-07-06",NA,"sub-adult"
"Sma","SMA",NA,NA,NA,NA,NA
"Safari","Safa",2014-11-03,2014-11-03,"2014-11-03",8.45,"adult"
"Samoa","Samo",NA,2014-12-31,"2014-12-31",NA,"adult"
"Sampion","Samp",2021-11-22,2021-11-22,"2021-11-22",1.38,"juvenile"
"Sari","Sari",2017-09-30,2017-09-30,"2017-09-30",5.53,"adult"
"Schnauzli","Schn",NA,2016-02-11,"2016-02-11",NA,"adult"
"Selenge","Sel",NA,2012-08-10,"2008-08-10",NA,"adult"
"Seychelles","Sey",NA,2014-12-31,"2014-11-01",NA,"adult"
"Shakespeare","Sha",NA,2012-06-08,"2008-06-08",NA,"adult"
"Shitface","Shi",2011-12-01,2014-01-28,"2011-12-01",11.38,"adult"
"Shongololo","Sho",NA,2020-10-13,"2016-10-13",NA,"adult"
"Siele","Siel",2012-10-01,2012-10-01,"2012-10-01",10.54,"adult"
"Sigaret","Sig",2018-11-09,2018-11-09,"2018-11-09",4.42,"sub-adult"
"Sion","Sio",NA,2021-01-06,"2017-01-06",NA,"adult"
"Sirkus","Sirk",2017-10-21,2017-10-21,"2017-10-21",5.47,"adult"
"Sitrus","Sitr",2021-11-18,2021-11-18,"2021-11-18",1.39,"juvenile"
"Skemer","Skem",2018-11-01,2018-11-01,"2018-11-01",4.44,"adult"
"Skhumbuzo","Skh",NA,2021-06-15,"2017-06-15",NA,"adult"
"Skin","Skin",NA,2010-12-13,"2010-12-13",NA,"adult"
"Skollie","Sko",NA,2010-11-09,"2006-11-09",NA,"adult"
"Slang","Sla",2021-11-09,2021-11-09,"2021-11-09",1.41,"juvenile"
"Smashy","Smas",NA,2015-06-16,"2015-06-16",NA,"adult"
"Snortjie","Snor",NA,2011-04-19,"2011-04-19",NA,"adult"
"Solomon","Sol",NA,2014-12-30,"2010-12-30",NA,"adult"
"Spampounkoeki","Spam",2018-11-01,2018-11-01,"2018-11-01",4.44,"adult"
"Spanspek","Span",2020-11-24,2020-11-24,"2020-11-24",2.37,"juvenile"
"Spek","Spe",2021-11-13,2021-11-13,"2021-11-13",1.4,"juvenile"
"Spotted","Spo",NA,2011-09-29,"2009-11-01",NA,"adult"
"Spook","Spo",NA,2011-10-18,"2011-10-18",NA,"adult"
"Stanley","Sta",NA,2022-07-29,"2018-07-29",NA,"sub-adult"
"Styx","Sty",NA,2012-04-14,"2009-11-01",NA,"adult"
"Sumbawa","Sumb",NA,2015-01-19,"2015-01-19",NA,"adult"
"Suzy","Suzy",NA,2011-06-01,"2011-06-01",NA,"adult"
"Sylinder","Syl",2020-11-24,2020-11-24,"2020-11-24",2.37,"juvenile"
"Symetric","Sym",NA,2015-01-09,"2014-11-01",NA,"adult"
"Talinn","Tal",2011-12-04,2011-12-04,"2011-12-04",11.37,"adult"
"Tambacounda","Tam",NA,2020-05-15,"2016-05-15",NA,"adult"
"Tanganika","Tang",NA,2012-03-13,"2012-03-13",NA,"adult"
"Tannie","Tann",NA,2010-11-26,"2010-11-26",NA,"adult"
"Tastyflavours","Tas",NA,NA,NA,NA,NA
"Tasmania","Tas",NA,NA,"2014-11-01",NA,"adult"
"Tchakalaka","Tch",NA,2021-05-11,"2017-05-11",NA,"adult"
"Teddibeer","Ted",2014-11-12,2014-11-12,"2014-11-12",8.42,"adult"
"Tere","Tere",2009-12-01,2014-05-30,"2009-12-01",13.38,"adult"
"Tevere","Tev",NA,2021-05-31,"2017-05-31",NA,"adult"
"Thames","Tha",NA,2014-11-19,"2010-11-19",NA,"adult"
"Theodore","The",NA,2011-08-09,"2007-08-09",NA,"adult"
"Tiki","Tik",NA,2021-11-30,"2021-11-30",NA,"juvenile"
"Timber","Timb",2017-10-16,2017-10-16,"2017-10-16",5.49,"adult"
"Tipies","Tipi",NA,2011-04-26,"2007-11-01",NA,"adult"
"Tirroan","Tir",2012-10-11,2012-10-11,"2012-10-11",10.51,"adult"
"Tonga","Tong",NA,2015-01-06,"2015-01-06",NA,"adult"
"Toronto","Tor",NA,2011-12-16,"2010-06-11",NA,"adult"
"Tortuga","Tort",NA,2015-07-22,"2012-11-01",NA,"adult"
"Toulouse","Tou",2014-10-30,2014-10-30,"2014-10-30",8.46,"adult"
"Troia","Troi",NA,2010-11-08,"2010-11-08",NA,"adult"
"Tugela","Tug",NA,2012-07-03,"2011-11-01",NA,"adult"
"Tunis","Tun",NA,2011-06-25,"2007-11-26",NA,"adult"
"Tweed","Twe",NA,2012-04-20,"2010-11-01",NA,"adult"
"Tyler","Tyl",NA,2017-05-22,"2013-05-22",NA,"adult"
"Ububhibhi","Ubu",2011-11-21,2011-11-21,"2011-11-21",11.41,"adult"
"Udine","Udi",2022-11-30,2022-11-30,"2022-11-30",0.35,"baby"
"Udupi","Udup",2021-01-19,2021-01-19,"2021-01-19",2.22,"juvenile"
"Uji","Uji",2013-10-31,2013-10-31,"2013-10-31",9.46,"adult"
"Ulaanbaatar","Ula",2015-11-16,2015-11-16,"2015-11-16",7.41,"adult"
"Ulaka","Ulak",NA,2010-12-18,"2006-11-01",NA,"adult"
"Ulsan","Uls",2018-11-01,2018-11-01,"2018-11-01",4.44,"sub-adult"
"Ulundi","Ulu",2011-12-01,2011-12-01,"2011-12-01",11.38,"adult"
"Umbrella","Umb",NA,2016-10-19,"2014-11-01",NA,"adult"
"Umnak","Umna",NA,2015-02-11,"2015-02-11",NA,"adult"
"Umtata","Umt",2014-12-08,2014-12-08,"2014-12-08",8.35,"adult"
"Umzali","Umz",NA,2014-06-09,"2010-06-09",NA,"adult"
"Unwabo","Unw",2012-10-22,2012-10-22,"2012-10-22",10.48,"adult"
"Uppsala","Upps",NA,2010-11-08,"2010-11-08",NA,"adult"
"Uraniumcity","Ura",2017-10-09,NA,"2017-10-09",5.51,"adult"
"Utica","Utic",2021-11-06,2021-11-06,"2021-11-06",1.42,"juvenile"
"Utrecht","Utr",NA,2020-05-15,"2016-05-15",NA,"adult"
"Uvac","Uva",NA,2012-08-01,"2008-08-01",NA,"adult"
"Vakie","Vak",2011-11-17,2011-11-17,"2011-11-17",11.42,"adult"
"Valerie","Vale",2012-09-24,2012-09-24,"2012-09-24",10.56,"adult"
"Vance","Van",2013-12-01,2014-09-20,"2013-12-01",9.37,"adult"
"Vancouver","Van",NA,2015-09-01,"2011-09-01",NA,"adult"
"Vascorossi","Vas",NA,NA,NA,NA,NA
"Venezia","Vene",NA,2011-02-19,"2011-02-19",NA,"adult"
"Vesuvio","Ves",NA,NA,NA,NA,NA
"Victoria","Vict",NA,2011-12-16,"2011-12-16",NA,"adult"
"Vincent","Vin",NA,2011-10-01,"2011-11-01",NA,"adult"
"Vladivostok","Vla",NA,2020-05-28,"2016-05-28",NA,"adult"
"Voldemort","Vol",NA,2012-02-03,"2008-02-03",NA,"adult"
"Vroutjie","Vrou",NA,2011-04-26,"2011-04-26",NA,"adult"
"Vryheid","Vry",NA,2022-06-10,"2018-06-10",NA,"sub-adult"
"Vulkaan","Vul",2012-11-14,2012-11-14,"2012-11-14",10.42,"adult"
"Warnemünde","War",NA,2020-08-24,"2016-08-24",NA,"adult"
"Washingtonbabylon","Was",NA,NA,NA,NA,NA
"Watnou","Watn",NA,2011-12-09,"2011-11-01",NA,"adult"
"Wavyears","WavyEars",NA,NA,NA,NA,NA
"Wesley","Wes",NA,2015-05-20,"2011-05-20",NA,"adult"
"Whidbey","Whid",NA,2016-10-01,"2016-10-01",NA,"adult"
"Whiskers","Whis",NA,2015-01-06,"2012-11-01",NA,"adult"
"Wierdo","Wier",NA,NA,NA,NA,NA
"Wietnie","Wiet",NA,2011-05-09,"2011-05-09",NA,"adult"
"William","Wil",NA,2011-01-19,"2007-01-19",NA,"adult"
"Wolfie","Wol",NA,2010-12-01,"2010-11-01",NA,"adult"
"Wurm","Wur",2012-10-18,2012-10-18,"2012-10-18",10.5,"adult"
"Xai","Xai",NA,2010-11-22,"2007-11-01",NA,"adult"
"Xaixai","Xaix",NA,NA,NA,NA,NA
"Xaltepec","Xal",2017-11-18,2017-11-18,"2017-11-18",5.4,"adult"
"Xalapa","Xala",2013-11-20,2013-11-20,"2013-11-20",9.4,"adult"
"Xarès","Xar",2021-11-08,2021-11-08,"2021-11-08",1.41,"juvenile"
"Xativa","Xati",2022-12-07,2022-12-07,"2022-12-07",0.33,"baby"
"Xenia","Xeni",2020-11-03,2020-11-03,"2020-11-03",2.43,"juvenile"
"Xeres","Xer",2011-11-29,2011-11-29,"2011-11-29",11.39,"adult"
"Xiashan","Xia",2016-11-14,2016-11-14,"2016-11-14",6.41,"adult"
"Xian","Xian",2012-11-05,2012-11-05,"2012-11-05",10.45,"adult"
"Xihau","Xih",2021-10-21,2021-10-21,"2021-10-21",1.46,"juvenile"
"Xinji","Xin",2017-10-20,2017-10-20,"2017-10-20",5.48,"adult"
"Xinpu","Xinp",2018-10-28,2018-10-28,"2018-10-28",4.45,"adult"
"Xinyi","Xiny",2014-11-14,2014-11-14,"2014-11-14",8.42,"adult"
"Xiushan","Xiu",NA,2015-01-06,"2011-01-06",NA,"adult"
"Xopo","Xop",2020-11-23,2020-11-23,"2020-11-23",2.37,"juvenile"
"Xoxocotla","Xox",2010-11-15,2010-11-15,"2010-11-15",12.43,"adult"
"Yakima","Yaki",2022-11-17,2022-11-17,"2022-11-17",0.39,"baby"
"Yalu","Yalu",NA,2013-02-09,"2013-02-09",NA,"adult"
"Yamp","Yam",2021-11-16,2021-11-16,"2021-11-16",1.39,"juvenile"
"Yamuna","Yamu",2016-11-23,2016-11-23,"2016-11-23",6.39,"adult"
"Yangtze","Yan",2014-01-27,2014-01-27,"2014-01-27",9.22,"adult"
"Yaounde","Yaou",NA,2011-01-18,"2011-01-18",NA,"adult"
"Yara","Yara",2017-11-11,2017-11-11,"2017-11-11",5.42,"adult"
"Yazoo","Yaz",2018-11-14,2018-11-14,"2018-11-14",4.41,"sub-adult"
"Yell","Yel",NA,2015-11-28,"2011-11-28",NA,"adult"
"Yellowstone","Yelo",2018-12-04,2018-12-04,"2018-12-04",4.35,"adult"
"Yenissei","Yeni",NA,2013-01-28,"2013-01-28",NA,"adult"
"Yentna","Yent",2022-11-14,2022-11-14,"2022-11-14",0.4,"baby"
"Yodo","Yodo",2021-10-03,2021-10-03,"2021-10-03",1.51,"juvenile"
"Yonne","Yon",2020-11-12,2020-11-12,"2020-11-12",2.4,"juvenile"
"Yoogali","Yoog",2012-09-22,2012-09-22,"2012-09-22",10.57,"adult"
"Yster","Yst",NA,2010-11-17,"2006-11-17",NA,"adult"
"Yub","Yub",2021-12-21,2021-12-21,"2021-12-21",1.3,"juvenile"
"Yuba","Yuba",2022-11-19,2022-11-19,"2022-11-19",0.38,"baby"
"Yukon","Yuko",2016-11-09,2016-11-09,"2016-11-09",6.42,"adult"
"Yzeron","Yze",2017-11-20,2017-11-20,"2017-11-20",5.39,"adult"
"Zaire","Zair",NA,2013-02-08,"2013-02-08",NA,"adult"
"Zambezi","Zam",NA,2012-05-09,"2011-11-01",NA,"adult"
"Zanzibar","Zan",2013-11-25,2013-11-25,"2013-11-25",9.39,"adult"
"Zankara","Zank",2013-11-11,2013-11-11,"2013-11-11",9.43,"adult"
"Zara","Zara",NA,2010-11-08,"2010-11-08",NA,"adult"
"Zave","Zav",NA,2015-10-28,"2011-10-28",NA,"adult"
"Zeerust","Zee",NA,2011-12-16,"2011-12-16",NA,"adult"
"Zeia","Zeia",NA,2012-08-31,"2012-08-31",NA,"adult"
"Zeus","Zeu",NA,2022-06-28,"2018-06-28",NA,"sub-adult"
"Zhengzhou","Zhe",2012-11-02,2012-11-02,"2012-11-02",10.45,"adult"
"Zhukovsky","Zhu",2015-11-16,2015-11-16,"2015-11-16",7.41,"adult"
"Zinkwazi","Zink",2014-10-01,2014-10-01,"2014-10-01",8.54,"adult"
"Zion","Zio",2011-12-02,2011-12-02,"2011-12-02",11.38,"adult"
"Zuni","Zuni",NA,2021-06-01,"2021-06-01",NA,"juvenile"
"Zurich","Zur",NA,2011-12-16,"2010-05-26",NA,"adult"
"Pompon",NA,NA,2010-10-26,"2009-11-01",NA,"adult"
"2ndmj",NA,NA,NA,NA,NA,NA
"Littleskollie",NA,NA,NA,NA,NA,NA
"Littlenapoli",NA,NA,NA,NA,NA,NA
"Blacktits",NA,NA,NA,NA,NA,NA
"Littleballs",NA,NA,NA,NA,NA,NA
"Minimj",NA,NA,NA,NA,NA,NA
"Littleblind",NA,NA,NA,NA,NA,NA
"Sf1",NA,NA,NA,NA,NA,NA
"Upsidedown",NA,NA,NA,NA,NA,NA
"Littlez",NA,NA,NA,NA,NA,NA
"Kangaroo",NA,2014-10-28,2014-10-28,"2014-10-28",8.46,"adult"
"Greenland",NA,2014-11-12,2014-11-12,"2014-11-12",8.42,"adult"
"Curious",NA,NA,2014-12-30,"2011-11-01",NA,"adult"
"Themask",NA,NA,NA,NA,NA,NA
"Jalitah",NA,NA,2015-11-27,"2015-11-27",NA,"adult"
"Newmale",NA,NA,NA,NA,NA,NA
"Corfu",NA,NA,2017-12-23,"2017-12-23",NA,"adult"
"Dunston",NA,2018-11-24,2018-11-24,"2018-11-24",4.38,NA
"Bugeyes",NA,NA,NA,NA,NA,NA
"Gollum",NA,NA,NA,NA,NA,NA
"Gosh",NA,NA,NA,NA,NA,NA
"Heart",NA,NA,NA,NA,NA,NA
"Littlenotch",NA,NA,NA,NA,NA,NA
"Nostrils",NA,NA,NA,NA,NA,NA
"Sf2",NA,NA,NA,NA,NA,NA
"Smalleyes",NA,NA,NA,NA,NA,NA
