"AnimalID","LH_AnimalCode","Age_yr","Age_class"
"2ndmj",NA,NA,NA
"Aaalva","Aaa",3.31,"juvenile"
"Aalwyn","Aal",4.24,"sub-adult"
"Aantreklik","Aan",5.36,"adult"
"Aapie","Aapi",9.3,"adult"
"Aaragon","Aara",6.28,"adult"
"Aare","Aare",NA,NA
"Aarhus","Aar",5.38,"adult"
"Adam","Ada",NA,NA
"Adder","Add",7.26,"adult"
"Adonis","Ado",NA,NA
"Afrikaans","Afr",12.37,"adult"
"Ahekinkinga","Ahe",NA,NA
"Akkedis","Akk",11.32,"adult"
"Alcatraz","Alc",NA,NA
"Alsiende","Alsi",10.36,"adult"
"Amazon","Amaz",NA,NA
"Amgoun","Amg",5.38,"adult"
"Amstel","Amst",1.36,"juvenile"
"Amur","Amur",NA,NA
"Amywinehouse","Amyw",NA,NA
"Andrew","And",NA,NA
"Antarctica","Anta",NA,NA
"Apa","Apa",NA,NA
"Appel","App",2.3,"juvenile"
"Ardig","Ard",4.28,"sub-adult"
"Arno","Arn",8.37,"adult"
"Arthur","Art",NA,NA
"Asis","Asis",NA,NA
"Askies","Ask",1.32,"juvenile"
"Asseblief","Ass",8.32,"adult"
"Athabasca","Ath",4.33,"sub-adult"
"Athena","Athe",NA,NA
"Atitlan","Ati",NA,NA
"Auckland","Auc",NA,NA
"Avon","Avo",9.3,"adult"
"Awash","Awa",2.3,"juvenile"
"Babelas","Bab",NA,NA
"Babyaare2015","BAar15",7.29,"adult"
"Babyamur2015",NA,7.34,"adult"
"Babyamur2016",NA,6.31,"adult"
"Babybelabela2019",NA,3.36,"juvenile"
"Babybeminde2013",NA,9.36,"adult"
"Babybog2012","BBog12",10.37,"adult"
"Babybushy2014",NA,8.32,"adult"
"Babycam2011",NA,NA,NA
"Babycam2012",NA,10.42,"adult"
"Babydag2012","BDag12",10.43,"adult"
"Babydaisy2019",NA,NA,NA
"Babydelilah2019",NA,3.31,"juvenile"
"Babydewe2021",NA,1.27,"juvenile"
"Babydian2021",NA,1.4,"juvenile"
"Babydiana2015","BDia15",7.28,"adult"
"Babydiana2019",NA,3.32,"juvenile"
"Babydigby2017",NA,5.39,"adult"
"Babydigby2019",NA,3.34,"juvenile"
"Babydigby2020",NA,2.26,"juvenile"
"Babydodgyknee2021",NA,NA,NA
"Babyeina2018","BEin18",4.28,"sub-adult"
"Babyemm2012","BEmm12",10.4,"adult"
"Babygaga2013","BGag13",9.35,"adult"
"Babygaga2015",NA,7.26,"adult"
"Babygaya2018","BGay18",4.17,"sub-adult"
"Babygaya2019","BGay19",3.36,"juvenile"
"Babygeneva2018",NA,4.3,NA
"Babygese2017",NA,5.38,"adult"
"Babyghan2015",NA,7.31,"adult"
"Babygoose2021",NA,NA,NA
"Babyguat2020",NA,2.22,"juvenile"
"Babyguat2021","BGua21",1.3,"juvenile"
"Babygugu2015",NA,7.28,"adult"
"Babygugu2017","BGug17",5.32,"adult"
"Babygugu2019","BGug19",3.29,"juvenile"
"Babyhak2011","BHak11",11.28,"adult"
"Babyham2013","BHam13",9.41,"adult"
"Babyheer2019","BHee19",3.32,"juvenile"
"Babyidwa2015",NA,7.28,"adult"
"Babyisil2015",NA,7.31,"adult"
"Babyjenn2014",NA,8.36,"adult"
"Babyjink2014",NA,8.32,"adult"
"Babykai2012",NA,NA,NA
"Babykaya2017","BKay17",5.31,"adult"
"Babykodi2021",NA,NA,NA
"Babykodiak2020",NA,NA,NA
"Babylau2012",NA,10.34,"adult"
"Babylima2018","BLim18",4.24,"adult"
"Babylima2019","BLim19",3.34,"juvenile"
"Babylionel2017",NA,NA,NA
"Babylittleblind2017",NA,5.4,"adult"
"Babymackenzie2017",NA,NA,NA
"Babymamo2015",NA,7.3,"adult"
"Babymara2019","BMar19",3.34,"juvenile"
"Babymielies2014",NA,8.34,"adult"
"Babymielies2017",NA,5.16,"adult"
"Babymielies2019",NA,3.32,"juvenile"
"Babymoo2011",NA,11.11,"adult"
"Babynala2014",NA,8.37,"adult"
"Babyndaw2021",NA,1.26,"juvenile"
"Babyness2015","BNes15",7.3,"adult"
"Babynessie2019","BNes19",3.34,"juvenile"
"Babyniese2014","BNie14",8.3,"adult"
"Babynkos2015",NA,7.29,"adult"
"Babynumbies2017",NA,5.42,"adult"
"Babynumbies2019",NA,3.39,"juvenile"
"Babynurks2018","BNur18",4.28,"adult"
"Babynyanga2018",NA,4.17,NA
"Babynyanga2020",NA,2.25,"juvenile"
"Babyoahu2015",NA,NA,NA
"Babyoahu2017",NA,5.38,"adult"
"Babyoerw2021","BOer21",1.21,"juvenile"
"Babyouli2021","BOul21",1.37,"juvenile"
"Babypannekoekie2014",NA,8.32,"adult"
"Babypannekoekie2017","BPan17",5.37,"adult"
"Babypannekoekie2019",NA,3.31,"juvenile"
"Babypearl2015",NA,7.24,"adult"
"Babypotjie2019","BPot19",3.33,"juvenile"
"Babypret2021",NA,1.38,"juvenile"
"Babypretoria2019","BPre19",3.3,"juvenile"
"Babypuolka2019",NA,3.34,"juvenile"
"Babyredelik2019","BRed19",3.35,"juvenile"
"Babyrenn2020","BRen20",2.25,"juvenile"
"Babyreva2019","BRev19",3.34,"juvenile"
"Babyrosl2020","BRos20",2.3,"juvenile"
"Babyroxanne2017","BRox17",5.36,"adult"
"Babyruby2017",NA,5.31,"adult"
"Babysiele2016",NA,6.24,"adult"
"Babysnortjie2015",NA,7.31,"adult"
"Babysuzy2014",NA,8.38,"adult"
"Babytere2014",NA,8.35,"adult"
"Babytip2012",NA,10.39,"adult"
"Babytonga2015","BTon15",7.25,"adult"
"Babytroi2015","BTro15",7.35,"adult"
"Babyumnak2015","BUmn15",7.25,"adult"
"Babyupp2012","BUpp12",10.37,"adult"
"Babyvict2014","BVic14",8.34,"adult"
"Babywietnie2013","BWie13",9.3,"adult"
"Babyxalapa2018",NA,4.09,NA
"Babyxalapa2019",NA,3.32,"juvenile"
"Babyxian2019",NA,3.34,"juvenile"
"Babyyalu2020",NA,2.23,"juvenile"
"Babyyaou2014",NA,8.39,"adult"
"Babyzeia2015",NA,7.37,"adult"
"Babyzuni2021","BBFZuni21",NA,NA
"Bahamas","Baha",NA,NA
"Bali","Bali",NA,NA
"Bamako","Bam",11.34,"adult"
"Bangalore","Bang",2.24,"juvenile"
"Barbados","Barb",NA,NA
"Bari","Bari",7.28,"adult"
"Barry","Barr",NA,NA
"Base","Bas",NA,NA
"Beirut","Beir",4.23,"adult"
"Belabela","Bela",8.25,"adult"
"Beminde","Bemi",NA,NA
"Benedict","Ben",NA,NA
"Bermuda","Ber",NA,NA
"Bethlehem","Bet",1.29,"juvenile"
"Bigears",NA,NA,NA
"Bingo","Bin",NA,NA
"Blacktits",NA,NA,NA
"Blupblup","Blu",NA,NA
"Bocold","Boc",NA,NA
"Bogota","Bogo",NA,NA
"Boks","Bok",NA,NA
"Bongani","Bon",NA,NA
"Boston","Bos",9.34,"adult"
"Bougainville","Bou",NA,NA
"Brasilia","Bras",NA,NA
"Brisbane","Bri",7.3,"adult"
"Brucespringsteen","Bru",NA,NA
"Bryan","Bry",NA,NA
"Bugeyes",NA,NA,NA
"Bukubuku","Buk",NA,NA
"Bullebak","Bul",10.42,"adult"
"Bushy","Bush",NA,NA
"Byron","Byr",NA,NA
"Cameron","Cam",NA,NA
"Camilla","Cami",NA,NA
"Cancun","Can",NA,NA
"Capri","Cap",NA,NA
"Cayman","Cay",NA,NA
"Charles","Cha",NA,NA
"Chernobyl","Che",NA,NA
"Chiloe","Chil",NA,NA
"Cindylauper","Cind",NA,NA
"Circe","Circ",NA,NA
"Clarence","Clar",NA,NA
"Collin","Col",NA,NA
"Colorado","Col",NA,NA
"Cone","Con",NA,NA
"Corfu",NA,NA,NA
"Cuba","Cuba",NA,NA
"Curaco","Cur",NA,NA
"Curious",NA,NA,NA
"Cusco","Cus",NA,NA
"Daartagnan","Daa",5.32,"adult"
"Daenerys","Daen",NA,NA
"Dagga","Dagg",NA,NA
"Daila","Dail",1.25,"juvenile"
"Daisy","Dais",NA,NA
"Dalton","Dal",4.24,"sub-adult"
"Danielle","Dani",1.25,"juvenile"
"Danube","Dan",NA,NA
"Dapper","Dap",NA,NA
"Darwin","Dar",NA,NA
"Dastard","Das",3.31,"juvenile"
"Dazzle","Dazz",2.26,"juvenile"
"Deja","Deja",2.21,"juvenile"
"Delilah","Deli",10.4,"adult"
"Delta","Delt",2.2,"juvenile"
"Delux","Del",1.2,"juvenile"
"Derrick","Der",1.2,"juvenile"
"Dewey","Dewe",6.14,"adult"
"Dexter","Dext",5.24,"adult"
"Diamond","Dia",2.32,"juvenile"
"Diana","Dian",NA,NA
"Digby","Digb",9.14,"adult"
"Dillon","Dil",6.23,"adult"
"Dion","Dio",7.21,"adult"
"Disco","Dis",1.25,"juvenile"
"Dixon","Dix",4.29,"sub-adult"
"Dodgyknee","Dodg",NA,NA
"Dokos","Dok",NA,NA
"Donsig","Don",NA,NA
"Doreen","Dore",5.16,"adult"
"Doublespot","Dou",NA,NA
"Downlip","Dow",NA,NA
"Drew","Drew",NA,NA
"Dublin","Dub",NA,NA
"Duckie","Duc",NA,NA
"Dulcina","Dulc",NA,NA
"Dunston",NA,4.25,NA
"Dwergie","Dwe",NA,NA
"Easter","East",NA,NA
"Edward","Edw",NA,NA
"Eier","Eie",1.3,"juvenile"
"Eina","Eina",8.37,"adult"
"Eish","Eis",2.25,"juvenile"
"Elbar","Elba",NA,NA
"Ellesmere","Elle",NA,NA
"Elton","Elt",NA,NA
"Elvispresley","Elv",NA,NA
"Emma","Emma",NA,NA
"Engel","Enge",NA,NA
"Ermelo","Erm",NA,NA
"Ertjies","Ert",NA,NA
"Etosha","Eto",NA,NA
"Evanescence","Evan",NA,NA
"Everest","Eve",NA,NA
"Faroe","Far",8.34,"adult"
"Feekie","Feek",NA,NA
"Feniks","Fen",NA,NA
"Fergie","Ferg",NA,NA
"Fiji","Fiji",NA,NA
"Flatty","Fla",NA,NA
"Flensburg","Fle",NA,NA
"Fluister","Flu",NA,NA
"Foei","Foei",NA,NA
"Formentera","Form",NA,NA
"Freyja","Frey",NA,NA
"Fudu","Fud",NA,NA
"Furryglen","Fur",NA,NA
"Gaaf","Gaa",8.36,"adult"
"Gabillou","Gabi",6.28,"adult"
"Gagasa","Gaga",NA,NA
"Galapagos","Gala",NA,NA
"Galati","Gala",7.35,"adult"
"Galeria","Gale",1.3,"juvenile"
"Gangtok","Gan",5.28,"adult"
"Garoua","Gar",10.39,"adult"
"Gasket","Gas",NA,NA
"Gaya","Gaya",11.3,"adult"
"Geleza","Gele",10.42,"adult"
"Gelosi","Gel",NA,NA
"Geneva","Gene",NA,NA
"George","Geo",NA,NA
"Gesels","Gese",NA,NA
"Ghandaghanda","Gha",2.26,"juvenile"
"Ghangaan","Ghan",NA,NA
"Ghida","Ghid",8.33,"adult"
"Ghidigidi","Ghi",4.29,"sub-adult"
"Ghozololo","Gho",10.32,"adult"
"Gibela","Gib",2.28,"juvenile"
"Gigolo","Gig",NA,NA
"Gilane","Gil",4.26,"sub-adult"
"Gino","Gin",NA,NA
"Ginqinka","Ginq",8.37,"adult"
"Giya","Giy",11.4,"adult"
"Glastonbury","Gla",9.3,"adult"
"Gobela","Gobe",1.28,"juvenile"
"Goduka","Godu",5.38,"adult"
"Goed","Goe",4.33,"sub-adult"
"Gollum",NA,NA,NA
"Gomonqo","Gom",1.3,"juvenile"
"Gosh",NA,NA,NA
"Govu","Gov",NA,NA
"Granada","Gran",8.23,"adult"
"Greenbay","Gree",3.3,"juvenile"
"Greenland",NA,8.3,"adult"
"Griffin","Gri",2.25,"juvenile"
"Griselles","Gris",4.2,"adult"
"Grive","Griv",1.3,"juvenile"
"Grote","Gro",NA,NA
"Guatemala","Guat",6.26,"adult"
"Gubane","Guba",4.25,"adult"
"Gubha","Gubh",8.33,"adult"
"Gubudu","Gub",2.2,"juvenile"
"Gugu","Gugu",12.33,"adult"
"Gunsandroses","Gun",NA,NA
"Gunya","Guny",6.28,"adult"
"Gusha","Gus",2.27,"juvenile"
"Guyaquil","Guy",12.33,"adult"
"Guzunga","Guz",4.32,"sub-adult"
"Haaigranaat","Haai",1.3,"juvenile"
"Hakie","Haki",NA,NA
"Halfy","Hal",10.25,"adult"
"Hamba","Hamb",NA,NA
"Hamlet","Ham",NA,NA
"Handi","Han",NA,NA
"Harry","Har",NA,NA
"Hasie","Has",7.28,"adult"
"Heart",NA,NA,NA
"Heelal","Hee",5.32,"adult"
"Heerlik","Heer",NA,NA
"Heilweis","Hei",8.33,"adult"
"Heleza","Hele",NA,NA
"Helikopter","Heli",2.26,"juvenile"
"Helmet","Hel",NA,NA
"Hemel","Hem",1.3,"juvenile"
"Henderson","Hen",NA,NA
"Hera","Hera",NA,NA
"Heyi","Hey",10.38,"adult"
"Hiasint","Hia",4.33,"sub-adult"
"Hibe","Hib",12.33,"adult"
"Hibiscus","Hibi",6.24,"adult"
"Hippie","Hipp",10.36,"adult"
"Hleka","Hlek",NA,NA
"Hlokoloza","Hlo",10.19,"adult"
"Hluhluwe","Hlu",8.37,"adult"
"Hola","Hol",10.47,"adult"
"Holey","Hole",NA,NA
"Hondjie","Hond",6.24,"adult"
"Huge","Huge",NA,NA
"Humusha","Hum",8.44,"adult"
"Hwahwaza","Hwa",11.46,"adult"
"Iceland","Icel",NA,NA
"Idwala","Idwa",11.31,"adult"
"Ifu","Ifu",12.33,"adult"
"Iggy","Igg",NA,NA
"Ihlane","Ihl",8.32,"adult"
"Ijinja","Iji",10.39,"adult"
"Ilonga","Ilon",9.32,"adult"
"Imposter","Imp",NA,NA
"India","Indi",NA,NA
"Inhlanhla","Inhl",NA,NA
"Inkwazi","Inkw",9.28,"adult"
"Inner","Inn",NA,NA
"Intaba","Int",8.26,"adult"
"Ireland","Ire",NA,NA
"Ischia","Isc",NA,NA
"Isilonda","Isil",NA,NA
"Istanbul","Ist",NA,NA
"Izulu","Izu",NA,NA
"Jackie","Jac",NA,NA
"Jagerbomb","Jag",NA,NA
"Jakarta","Jaka",NA,NA
"Jalitah",NA,NA,NA
"Jamaica","Jama",NA,NA
"James","Jam",NA,NA
"Jane","Jane",7.12,"adult"
"Japan","Jap",NA,NA
"Java","Java",NA,NA
"Jeddah","Jed",8.34,"adult"
"Jelly","Jell",5.35,"adult"
"Jenny","Jenn",NA,NA
"Jersey","Jers",NA,NA
"Jiamusi","Jia",7.3,"adult"
"Jillin","Jill",10.38,"adult"
"Jimmyhendricks","Jim",NA,NA
"Jinka","Jink",12.28,"adult"
"Jixi","Jix",9.33,"adult"
"Joe","Joe",9.25,"adult"
"Johannesburg","Joha",7.33,"adult"
"Juneau","Jun",11.28,"adult"
"Kaiki","Kaik",NA,NA
"Kangaroo",NA,8.34,"adult"
"Karenzoid","Kare",NA,NA
"Kate","Kate",7.22,"adult"
"Kauai","Kau",NA,NA
"Kaya","Kaya",NA,NA
"Kekeke","Kek",NA,NA
"Kenneth","Ken",NA,NA
"Kergelen","Ker",NA,NA
"Kies","Kie",12.28,"adult"
"Kilimanjaro","Kil",NA,NA
"Kodiak","Kodi",NA,NA
"Kommunis","Kom",NA,NA
"Koninging","Koni",NA,NA
"Kookoolegit","Koo",NA,NA
"Krakatoa","Krak",NA,NA
"Kurtcubain","Kur",NA,NA
"Kyle","Kyl",8.26,"adult"
"Laila","Lail",NA,NA
"Lampshade","Lamp",3.3,"juvenile"
"Lancey","Lanc",8.33,"adult"
"Larry","Lar",4.19,"sub-adult"
"Laurel","Laur",NA,NA
"Lausanne","Laus",NA,NA
"Lavander","Lava",5.38,"adult"
"Lawrence","Law",7.28,"adult"
"Lefty","Lef",9.25,"adult"
"Lekker","Lek",NA,NA
"Lennon","Len",10.45,"adult"
"Lewe","Lewe",4.33,"adult"
"Lhassa","Lhas",NA,NA
"Liam","Lia",9.33,"adult"
"Liffey","Lif",NA,NA
"Light","Lig",2.32,"juvenile"
"Lilly","Lill",7.37,"adult"
"Lima","Lima",8.32,"adult"
"Lionel","Lion",NA,NA
"Lipsy","Lip",NA,NA
"Littleballs",NA,NA,NA
"Littleblind",NA,NA,NA
"Littlenapoli",NA,NA,NA
"Littlenotch",NA,NA,NA
"Littleskollie",NA,NA,NA
"Littlez",NA,NA,NA
"Lizz","Lizz",NA,NA
"Lohihi","Lohi",NA,NA
"Loki","Loki",2.21,"juvenile"
"Lola","Lola",1.22,"juvenile"
"Lome","Lom",11.35,"adult"
"Louise","Loui",6.3,"adult"
"Luan","Lua",6.19,"adult"
"Lucifer","Luc",1.2,"juvenile"
"Lugano","Lug",2.17,"juvenile"
"Macedonia","Mac",NA,NA
"Mackanzie","Mack",NA,NA
"Madagascar","Mad",NA,NA
"Madonna","Mado",NA,NA
"Malawi","Mal",8.21,"adult"
"Mamoobi","Mamo",NA,NA
"Manhattan","Manh",NA,NA
"Mara","Mara",NA,NA
"Margarita","Mar",NA,NA
"Martinique","Mart",NA,NA
"Mass","Mas",4.29,"sub-adult"
"Mathimula","Mat",8.36,"adult"
"Mbazwane","Mba",9.29,"adult"
"Mbila","Mbil",4.3,"adult"
"Medjerda","Med",NA,NA
"Medusa","Medu",NA,NA
"Meerkat","Mee",8.34,"adult"
"Mercury","Mer",10.25,"adult"
"Merlin","Mer",NA,NA
"Mevrou","Mevr",10.34,"adult"
"Mfolozi","Mfo",NA,NA
"Mhaori","Mhao",6.28,"adult"
"Michaeljackson","Mic",NA,NA
"Middag","Midd",7.3,"adult"
"Mielies","Miel",NA,NA
"Milano","Mil",NA,NA
"Mimiek","Mimi",4.33,"adult"
"Minimj",NA,NA,NA
"Miskien","Misk",1.26,"juvenile"
"Mississipi","Mis",9.26,"adult"
"Mnandi","Mna",NA,NA
"Modjadji","Modj",11.34,"adult"
"Moesa","Moes",2.25,"juvenile"
"Mokcha","Mokc",5.37,"adult"
"Momo","Mom",NA,NA
"Montreal","Mon",NA,NA
"Mooi","Mooi",NA,NA
"Moonie","Moon",NA,NA
"Mousse","Mou",NA,NA
"Moya","Moya",5.33,"adult"
"Mpukuvane","Mpu",NA,NA
"Muis","Mui",2.24,"juvenile"
"Mungunya","Mun",10.38,"adult"
"Mvula","Mvu",12.33,"adult"
"Naaldekoker","Naal",4.33,"adult"
"Naartjie","Naa",2.17,"juvenile"
"Nahoon","Nah",6.28,"adult"
"Nakhu","Nak",5.32,"adult"
"Nala","Nala",NA,NA
"Namnam","Namn",NA,NA
"Nantucket","Nan",NA,NA
"Napoli","Nap",NA,NA
"Ncoko","Ncok",4.31,"adult"
"Ndanda","Nda",4.31,"sub-adult"
"Ndawonya","Ndaw",7.05,"adult"
"Ndiki","Ndik",5.36,"adult"
"Ndiza","Ndi",8.33,"adult"
"Ndlovu","Ndl",1.3,"juvenile"
"Ndondo","Ndo",2.13,"juvenile"
"Ndonsa","Ndon",NA,NA
"Ndumiso","Ndum",2.27,"juvenile"
"Nelson","Nel",NA,NA
"Nessie","Ness",NA,NA
"Neuchatel","Neu",NA,NA
"Newmale",NA,NA,NA
"Newmale1",NA,NA,NA
"Newmale2",NA,NA,NA
"Newmale3",NA,NA,NA
"Newton","New",NA,NA
"Ngenakubo","Nge",6.27,"adult"
"Ngubu","Ngu",11.27,"adult"
"Niese","Nies",12.34,"adult"
"Nihau","Niha",NA,NA
"Nihiru","Nihi",NA,NA
"Nil","Nil",NA,NA
"Nirtjies","Nirt",7.31,"adult"
"Nkomo","Nko",1.3,"juvenile"
"Nkosikasi","Nkos",NA,NA
"Nkunzi","Nkun",2.26,"juvenile"
"Noah","Noa",NA,NA
"Noktober","Nok",11.35,"adult"
"Nonnitgie","Non",4.26,"sub-adult"
"Nooiens","Nooi",8.25,"adult"
"Nooit","Noo",1.28,"juvenile"
"Nora","Nora",NA,NA
"Nostrils",NA,NA,NA
"Nuclides","Nucl",3.31,"juvenile"
"Nugget","Nug",1.32,"juvenile"
"Nukke","Nuk",1.35,"juvenile"
"Nul","Nul",1.38,"juvenile"
"Numbies","Numb",NA,NA
"Nurks","Nurk",10.42,"adult"
"Nuuskierig","Nuu",5.36,"adult"
"Nyala","Nyal",1.3,"juvenile"
"Nyanga","Nyan",8.33,"adult"
"Nyoni","Nyo",10.36,"adult"
"Oahu","Oahu",NA,NA
"Obelisk","Obe",8.29,"adult"
"Obsessie","Obse",5.34,"adult"
"Oerwoud","Oerw",4.29,"adult"
"Ogies","Ogi",11.33,"adult"
"Okavango","Oka",NA,NA
"Okefenokee","Oke",NA,NA
"Okuncane","Oku",NA,NA
"Oliver","Oli",13.26,"adult"
"Olona","Olo",NA,NA
"Omelet","Ome",1.3,"juvenile"
"Onbeskof","Onb",10.37,"adult"
"Oom","Oom",NA,NA
"Oortjies","Oort",7.27,"adult"
"Oscar","Osc",NA,NA
"Ouagadougou","Oua",NA,NA
"Oulik","Ouli",NA,NA
"Ouma","Ouma",2.26,"juvenile"
"Oupa","Oup",2.28,"juvenile"
"Padkos","Padk",1.32,"juvenile"
"Pale","Pal",NA,NA
"Palmela","Palm",2.18,"juvenile"
"Pannekoekie","Pann",NA,NA
"Papp","Papp",2.3,"juvenile"
"Papsak","Pap",7.29,"adult"
"Paris","Pari",NA,NA
"Patlansky","Pat",NA,NA
"Pearl","Pear",NA,NA
"Pianosa","Pia",NA,NA
"Pieperig","Piep",NA,NA
"Piesang","Pie",1.35,"juvenile"
"Pik","Pik",NA,NA
"Pikito","Pik",NA,NA
"Pink","Pink",NA,NA
"Pitcairn","Pit",NA,NA
"Pixsel","Pix",4.18,"sub-adult"
"Pizza","Piz",NA,NA
"Plainjane","Pla",NA,NA
"Plesier","Ples",8.36,"adult"
"Poeding","Poe",11.31,"adult"
"Pofferthie","Poff",4.33,"adult"
"Pointy","Poi",NA,NA
"Pointyears","PointyEars",NA,NA
"Pomelo","Pom",5.35,"adult"
"Pompon",NA,NA,NA
"Poppie","Popp",2.28,"juvenile"
"Potjie","Potj",9.27,"adult"
"Praia","Prai",9.28,"adult"
"Pratella","Prat",4.27,"adult"
"Pretoria","Pret",NA,NA
"Primavera","Prim",1.32,"juvenile"
"Prinses","Prin",NA,NA
"Propriano","Pro",8.28,"adult"
"Pruszkow","Pru",7.26,"adult"
"Puerto","Pue",11.18,"adult"
"Puntag","Pun",NA,NA
"Puolka","Puol",7.17,"adult"
"Purper","Pur",1.3,"juvenile"
"Puymerl","Puym",4.3,"adult"
"Pyeongchang","Pye",5.34,"adult"
"Queen","Quee",NA,NA
"Quito","Qui",NA,NA
"Rabat","Raba",6.26,"adult"
"Radja","Rad",NA,NA
"Rafaela","Rafa",1.3,"juvenile"
"Rakker","Rak",10.29,"adult"
"Rambouillet","Ram",4.29,"sub-adult"
"Raspberry","Rasp",NA,NA
"Ratel","Rat",7.25,"adult"
"Redelik","Rede",8.3,"adult"
"Redhot","Red",NA,NA
"Reenboog","Reen",4.2,"adult"
"Reenval","Ree",2.25,"juvenile"
"Regina","Regi",4.28,"adult"
"Reindeer","Rein",NA,NA
"Renee","Rene",6.32,"adult"
"Rennes","Renn",9.29,"adult"
"Reno","Ren",3.28,"juvenile"
"Renoster","Reno",1.27,"juvenile"
"Reva","Reva",11.28,"adult"
"Revdanda","Rev",5.28,"adult"
"Reykjavik","Rey",7.26,"adult"
"Rheban","Rhe",10.34,"adult"
"Richard","Ric",7.29,"adult"
"Ridder","Rid",4.28,"sub-adult"
"Rimini","Rim",2.11,"juvenile"
"Rimpel","Rimp",1.26,"juvenile"
"Rio","Rio",NA,NA
"Rioja","Rioj",5.31,"adult"
"Rissiepit","Riss",NA,NA
"Rivas","Riva",1.29,"juvenile"
"Riversdale","Riv",2.27,"juvenile"
"Rivier","Rivi",2.25,"juvenile"
"Riyadh","Riy",8.32,"adult"
"Robben","Robb",NA,NA
"Robin","Rob",6.35,"adult"
"Rochdale","Roc",4.32,"sub-adult"
"Rocky","Roc",5.38,"adult"
"Roeslare","Roes",2.26,"juvenile"
"Roma","Roma",NA,NA
"Rooikat","Roo",11.24,"adult"
"Rosemary","Rose",11.25,"adult"
"Roslin","Rosl",7.26,"adult"
"Roxanne","Roxa",8.33,"adult"
"Ruby","Ruby",NA,NA
"Rupert","Rup",8.37,"adult"
"Rusk","Rus",NA,NA
"Rustig","Rust",5.35,"adult"
"Ryan",NA,NA,NA
"Safari","Safa",8.32,"adult"
"Samoa","Samo",NA,NA
"Sampion","Samp",1.25,"juvenile"
"Sari","Sari",5.41,"adult"
"Schnauzli","Schn",NA,NA
"Selenge","Sel",NA,NA
"Seychelles","Sey",NA,NA
"Sf1",NA,NA,NA
"Sf2",NA,NA,NA
"Shakespeare","Sha",NA,NA
"Shitface","Shi",11.25,"adult"
"Shongololo","Sho",NA,NA
"Siele","Siel",10.42,"adult"
"Sigaret","Sig",4.29,"sub-adult"
"Sion","Sio",NA,NA
"Sirkus","Sirk",5.35,"adult"
"Sitrus","Sitr",1.26,"juvenile"
"Skemer","Skem",4.32,"adult"
"Skhumbuzo","Skh",NA,NA
"Skin","Skin",NA,NA
"Skollie","Sko",NA,NA
"Slang","Sla",1.28,"juvenile"
"Sma","SMA",NA,NA
"Smalleyes",NA,NA,NA
"Smashy","Smas",NA,NA
"Snorretjie","Snor",NA,NA
"Solomon","Sol",NA,NA
"Spampounkoeki","Spam",4.32,"adult"
"Spanspek","Span",2.25,"juvenile"
"Spek","Spe",1.27,"juvenile"
"Spook","Spo",NA,NA
"Spotted","Spo",NA,NA
"Styx","Sty",NA,NA
"Sumbawa","Sumb",NA,NA
"Suzy","Suzy",NA,NA
"Sylinder","Syl",2.25,"juvenile"
"Symetric","Sym",NA,NA
"Talinn","Tal",11.25,"adult"
"Tambacounda","Tam",NA,NA
"Tanganika","Tang",NA,NA
"Tannie","Tann",NA,NA
"Tasmania","Tas",NA,NA
"Tastyflavours","Tas",NA,NA
"Tchakalaka","Tch",NA,NA
"Teddibeer","Ted",NA,NA
"Tere","Tere",13.26,"adult"
"Tevere","Tev",NA,NA
"Thames","Tha",NA,NA
"Themask",NA,NA,NA
"Theodore","The",NA,NA
"Tiki","Tik",NA,NA
"Timber","Timb",5.36,"adult"
"Tipies","Tipi",NA,NA
"Tirroan","Tir",10.39,"adult"
"Tonga","Tong",NA,NA
"Toronto","Tor",NA,NA
"Tortuga","Tort",NA,NA
"Toulouse","Tou",8.33,"adult"
"Troia","Troi",NA,NA
"Tugela","Tug",NA,NA
"Tunis","Tun",NA,NA
"Tweed","Twe",NA,NA
"Tyler","Tyl",NA,NA
"Ububhibhi","Ubu",11.28,"adult"
"Udupi","Udup",2.09,"juvenile"
"Uji","Uji",9.33,"adult"
"Ulaanbaatar","Ula",7.28,"adult"
"Ulaka","Ulak",NA,NA
"Ulsan","Uls",4.32,"sub-adult"
"Ulundi","Ulu",11.25,"adult"
"Umbrella","Umb",NA,NA
"Umnak","Umna",NA,NA
"Umtata","Umt",8.23,"adult"
"Umzali","Umz",NA,NA
"Unwabo","Unw",10.36,"adult"
"Uppsala","Upps",NA,NA
"Upsidedown",NA,NA,NA
"Uraniumcity","Ura",5.38,"adult"
"Utica","Utic",1.29,"juvenile"
"Utrecht","Utr",NA,NA
"Uvac","Uva",NA,NA
"Vakie","Vak",11.29,"adult"
"Valerie","Vale",10.44,"adult"
"Vance","Van",9.25,"adult"
"Vancouver","Van",NA,NA
"Vascorossi","Vas",NA,NA
"Venezia","Vene",NA,NA
"Victoria","Vict",NA,NA
"Vincent","Vin",NA,NA
"Vladivostok","Vla",NA,NA
"Voldemort","Vol",NA,NA
"Vroutjie","Vrou",NA,NA
"Vryheid","Vry",NA,NA
"Vulkaan","Vul",10.3,"adult"
"Warnem�Nde","War",NA,NA
"Washingtonbabylon","Was",NA,NA
"Watnou","Watn",NA,NA
"Wavyears","WavyEars",NA,NA
"Wesley","Wes",NA,NA
"Whidbey","Whid",NA,NA
"Whiskers","Whis",NA,NA
"Wierdo","Wier",NA,NA
"Wietnie","Wiet",NA,NA
"William","Wil",NA,NA
"Wolfie","Wol",NA,NA
"Wurm","Wur",10.37,"adult"
"Xai","Xai",NA,NA
"Xaixai","Xaix",NA,NA
"Xalapa","Xala",9.28,"adult"
"Xaltepec","Xal",5.27,"adult"
"Xar�S","Xar",1.29,"juvenile"
"Xenia","Xeni",2.3,"juvenile"
"Xeres","Xer",11.26,"adult"
"Xian","Xian",10.32,"adult"
"Xiashan","Xia",6.28,"adult"
"Xihau","Xih",1.34,"juvenile"
"Xinji","Xin",5.35,"adult"
"Xinpu","Xinp",4.33,"adult"
"Xinyi","Xiny",8.29,"adult"
"Xiushan","Xiu",NA,NA
"Xopo","Xop",2.25,"juvenile"
"Xoxocotla","Xox",12.3,"adult"
"Yalu","Yalu",NA,NA
"Yamp","Yam",1.27,"juvenile"
"Yamuna","Yamu",6.26,"adult"
"Yangtze","Yan",9.09,"adult"
"Yaounde","Yaou",NA,NA
"Yara","Yara",5.29,"adult"
"Yazoo","Yaz",4.28,"sub-adult"
"Yell","Yel",NA,NA
"Yellowstone","Yelo",4.23,"adult"
"Yenissei","Yeni",NA,NA
"Yodo","Yodo",1.39,"juvenile"
"Yonne","Yon",2.28,"juvenile"
"Yoogali","Yoog",10.44,"adult"
"Yster","Yst",NA,NA
"Yub","Yub",1.17,"juvenile"
"Yukon","Yuko",6.3,"adult"
"Yzeron","Yze",5.27,"adult"
"Zaire","Zair",NA,NA
"Zambezi","Zam",NA,NA
"Zankara","Zank",9.3,"adult"
"Zara","Zara",NA,NA
"Zave","Zav",NA,NA
"Zeerust","Zee",NA,NA
"Zeia","Zeia",NA,NA
"Zeus","Zeu",NA,NA
"Zhengzhou","Zhe",10.33,"adult"
"Zhukovsky","Zhu",7.28,"adult"
"Zinkwazi","Zink",8.41,"adult"
"Zion","Zio",11.25,"adult"
"Zuni","Zuni",NA,NA
"Zurich","Zur",NA,NA
